feature,family,formula,source_features,target_mutual_information,source_mutual_information,max_abs_spearman_redundancy,most_redundant_with,selected,keep_reject_reason,leakage_contract,inference_fallback,source_artifact,source_row_key,source_generation,source_evaluation_scope,scientific_status,evaluation_scope,source_sha256,generic_formula,encoded_name,selection_qualification,positive_class,target_definition,metric_units
applicant_income_000s__x__owner_occupancy_name__not_applicable_67c4d0,onehot_numeric,applicant_income_000s * 1[owner_occupancy_name=fitted_level],"[""applicant_income_000s"", ""owner_occupancy_name""]",0.00035156295842030864,"{""applicant_income_000s"": 0.021327523352404176, ""owner_occupancy_name"": 4.910985425951326e-05}",0.9999999645259474,loan_to_income__x__owner_occupancy_name__not_applicable_67c4d0,True,kept: family selected by repeated train-only OOF; max_abs_spearman=1.0000,row-local or X-only train-fitted; no target,unseen category activates no fitted interaction,HMDA_pipeline_review/project/new new project/reports/generations/feature_v2/FEATURE_VALIDATION.csv,applicant_income_000s__x__owner_occupancy_name__not_applicable_67c4d0,classification_v2,train_only_validation,supporting_analysis,train_only_validation,5786f0779b4e343fcd29642e2cb0c0ebe063722dcdfebf494a1463c542cbfe02,"J(X,C=c) = X * 1[C=c]",numeric__applicant_income_000s__x__owner_occupancy_name__not_applicable_67c4d0,fallback-selected; not confirmation-validated,denial,"target_denied = 1 - loan_approved; favorable actions 1/2/8, denial actions 3/7",AP/MCC/accuracy/recall dimensionless; count fields rows; runtime seconds
applicant_income_000s__x__owner_occupancy_name__not_owner_occupied_as_a_prin_0d60a2,onehot_numeric,applicant_income_000s * 1[owner_occupancy_name=fitted_level],"[""applicant_income_000s"", ""owner_occupancy_name""]",0.005154278803170431,"{""applicant_income_000s"": 0.021327523352404176, ""owner_occupancy_name"": 4.910985425951326e-05}",0.9963692863190403,loan_to_income__x__owner_occupancy_name__not_owner_occupied_as_a_prin_0d60a2,True,kept: family selected by repeated train-only OOF; max_abs_spearman=0.9964,row-local or X-only train-fitted; no target,unseen category activates no fitted interaction,HMDA_pipeline_review/project/new new project/reports/generations/feature_v2/FEATURE_VALIDATION.csv,applicant_income_000s__x__owner_occupancy_name__not_owner_occupied_as_a_prin_0d60a2,classification_v2,train_only_validation,supporting_analysis,train_only_validation,5786f0779b4e343fcd29642e2cb0c0ebe063722dcdfebf494a1463c542cbfe02,"J(X,C=c) = X * 1[C=c]",numeric__applicant_income_000s__x__owner_occupancy_name__not_owner_occupied_as_a_prin_0d60a2,fallback-selected; not confirmation-validated,denial,"target_denied = 1 - loan_approved; favorable actions 1/2/8, denial actions 3/7",AP/MCC/accuracy/recall dimensionless; count fields rows; runtime seconds
applicant_income_000s__x__owner_occupancy_name__owner_occupied_as_a_principa_895ecf,onehot_numeric,applicant_income_000s * 1[owner_occupancy_name=fitted_level],"[""applicant_income_000s"", ""owner_occupancy_name""]",0.021395894969296503,"{""applicant_income_000s"": 0.021327523352404176, ""owner_occupancy_name"": 4.910985425951326e-05}",0.8380930465052755,applicant_income_000s__by__owner_occupancy_name__robust_z,True,kept: family selected by repeated train-only OOF; max_abs_spearman=0.8381,row-local or X-only train-fitted; no target,unseen category activates no fitted interaction,HMDA_pipeline_review/project/new new project/reports/generations/feature_v2/FEATURE_VALIDATION.csv,applicant_income_000s__x__owner_occupancy_name__owner_occupied_as_a_principa_895ecf,classification_v2,train_only_validation,supporting_analysis,train_only_validation,5786f0779b4e343fcd29642e2cb0c0ebe063722dcdfebf494a1463c542cbfe02,"J(X,C=c) = X * 1[C=c]",numeric__applicant_income_000s__x__owner_occupancy_name__owner_occupied_as_a_principa_895ecf,fallback-selected; not confirmation-validated,denial,"target_denied = 1 - loan_approved; favorable actions 1/2/8, denial actions 3/7",AP/MCC/accuracy/recall dimensionless; count fields rows; runtime seconds
loan_amount_000s__x__lien_status_name__not_secured_by_a_lien_cb0133,onehot_numeric,loan_amount_000s * 1[lien_status_name=fitted_level],"[""loan_amount_000s"", ""lien_status_name""]",0.011265717387193508,"{""lien_status_name"": 0.009613662401111396, ""loan_amount_000s"": 0.0162846250304296}",0.9997223774538325,loan_to_income__x__lien_status_name__not_secured_by_a_lien_cb0133,True,kept: family selected by repeated train-only OOF; max_abs_spearman=0.9997,row-local or X-only train-fitted; no target,unseen category activates no fitted interaction,HMDA_pipeline_review/project/new new project/reports/generations/feature_v2/FEATURE_VALIDATION.csv,loan_amount_000s__x__lien_status_name__not_secured_by_a_lien_cb0133,classification_v2,train_only_validation,supporting_analysis,train_only_validation,5786f0779b4e343fcd29642e2cb0c0ebe063722dcdfebf494a1463c542cbfe02,"J(X,C=c) = X * 1[C=c]",numeric__loan_amount_000s__x__lien_status_name__not_secured_by_a_lien_cb0133,fallback-selected; not confirmation-validated,denial,"target_denied = 1 - loan_approved; favorable actions 1/2/8, denial actions 3/7",AP/MCC/accuracy/recall dimensionless; count fields rows; runtime seconds
loan_amount_000s__x__lien_status_name__secured_by_a_first_lien_33f020,onehot_numeric,loan_amount_000s * 1[lien_status_name=fitted_level],"[""loan_amount_000s"", ""lien_status_name""]",0.017248760862083268,"{""lien_status_name"": 0.009613662401111396, ""loan_amount_000s"": 0.0162846250304296}",0.9944386057186506,sqrt_loan_amount_000s,True,kept: family selected by repeated train-only OOF; max_abs_spearman=0.9944,row-local or X-only train-fitted; no target,unseen category activates no fitted interaction,HMDA_pipeline_review/project/new new project/reports/generations/feature_v2/FEATURE_VALIDATION.csv,loan_amount_000s__x__lien_status_name__secured_by_a_first_lien_33f020,classification_v2,train_only_validation,supporting_analysis,train_only_validation,5786f0779b4e343fcd29642e2cb0c0ebe063722dcdfebf494a1463c542cbfe02,"J(X,C=c) = X * 1[C=c]",numeric__loan_amount_000s__x__lien_status_name__secured_by_a_first_lien_33f020,fallback-selected; not confirmation-validated,denial,"target_denied = 1 - loan_approved; favorable actions 1/2/8, denial actions 3/7",AP/MCC/accuracy/recall dimensionless; count fields rows; runtime seconds
loan_amount_000s__x__lien_status_name__secured_by_a_subordinate_lie_f47dc8,onehot_numeric,loan_amount_000s * 1[lien_status_name=fitted_level],"[""loan_amount_000s"", ""lien_status_name""]",0.0034832452644979472,"{""lien_status_name"": 0.009613662401111396, ""loan_amount_000s"": 0.0162846250304296}",0.9998789864493953,loan_to_income__x__lien_status_name__secured_by_a_subordinate_lie_f47dc8,True,kept: family selected by repeated train-only OOF; max_abs_spearman=0.9999,row-local or X-only train-fitted; no target,unseen category activates no fitted interaction,HMDA_pipeline_review/project/new new project/reports/generations/feature_v2/FEATURE_VALIDATION.csv,loan_amount_000s__x__lien_status_name__secured_by_a_subordinate_lie_f47dc8,classification_v2,train_only_validation,supporting_analysis,train_only_validation,5786f0779b4e343fcd29642e2cb0c0ebe063722dcdfebf494a1463c542cbfe02,"J(X,C=c) = X * 1[C=c]",numeric__loan_amount_000s__x__lien_status_name__secured_by_a_subordinate_lie_f47dc8,fallback-selected; not confirmation-validated,denial,"target_denied = 1 - loan_approved; favorable actions 1/2/8, denial actions 3/7",AP/MCC/accuracy/recall dimensionless; count fields rows; runtime seconds
loan_amount_000s__x__loan_purpose_name__home_improvement_e92189,onehot_numeric,loan_amount_000s * 1[loan_purpose_name=fitted_level],"[""loan_amount_000s"", ""loan_purpose_name""]",0.01651547351744065,"{""loan_amount_000s"": 0.0162846250304296, ""loan_purpose_name"": 0.02408271070515766}",0.9994932393684538,loan_to_income__x__loan_purpose_name__home_improvement_e92189,True,kept: family selected by repeated train-only OOF; max_abs_spearman=0.9995,row-local or X-only train-fitted; no target,unseen category activates no fitted interaction,HMDA_pipeline_review/project/new new project/reports/generations/feature_v2/FEATURE_VALIDATION.csv,loan_amount_000s__x__loan_purpose_name__home_improvement_e92189,classification_v2,train_only_validation,supporting_analysis,train_only_validation,5786f0779b4e343fcd29642e2cb0c0ebe063722dcdfebf494a1463c542cbfe02,"J(X,C=c) = X * 1[C=c]",numeric__loan_amount_000s__x__loan_purpose_name__home_improvement_e92189,fallback-selected; not confirmation-validated,denial,"target_denied = 1 - loan_approved; favorable actions 1/2/8, denial actions 3/7",AP/MCC/accuracy/recall dimensionless; count fields rows; runtime seconds
loan_amount_000s__x__loan_purpose_name__home_purchase_ea1236,onehot_numeric,loan_amount_000s * 1[loan_purpose_name=fitted_level],"[""loan_amount_000s"", ""loan_purpose_name""]",0.031201762289882584,"{""loan_amount_000s"": 0.0162846250304296, ""loan_purpose_name"": 0.02408271070515766}",0.8877589415915674,loan_to_income__x__loan_purpose_name__home_purchase_ea1236,True,kept: family selected by repeated train-only OOF; max_abs_spearman=0.8878,row-local or X-only train-fitted; no target,unseen category activates no fitted interaction,HMDA_pipeline_review/project/new new project/reports/generations/feature_v2/FEATURE_VALIDATION.csv,loan_amount_000s__x__loan_purpose_name__home_purchase_ea1236,classification_v2,train_only_validation,supporting_analysis,train_only_validation,5786f0779b4e343fcd29642e2cb0c0ebe063722dcdfebf494a1463c542cbfe02,"J(X,C=c) = X * 1[C=c]",numeric__loan_amount_000s__x__loan_purpose_name__home_purchase_ea1236,fallback-selected; not confirmation-validated,denial,"target_denied = 1 - loan_approved; favorable actions 1/2/8, denial actions 3/7",AP/MCC/accuracy/recall dimensionless; count fields rows; runtime seconds
loan_amount_000s__x__loan_purpose_name__refinancing_b377fc,onehot_numeric,loan_amount_000s * 1[loan_purpose_name=fitted_level],"[""loan_amount_000s"", ""loan_purpose_name""]",0.004028032055402253,"{""loan_amount_000s"": 0.0162846250304296, ""loan_purpose_name"": 0.02408271070515766}",0.9635617142005924,loan_to_income__x__loan_purpose_name__refinancing_b377fc,True,kept: family selected by repeated train-only OOF; max_abs_spearman=0.9636,row-local or X-only train-fitted; no target,unseen category activates no fitted interaction,HMDA_pipeline_review/project/new new project/reports/generations/feature_v2/FEATURE_VALIDATION.csv,loan_amount_000s__x__loan_purpose_name__refinancing_b377fc,classification_v2,train_only_validation,supporting_analysis,train_only_validation,5786f0779b4e343fcd29642e2cb0c0ebe063722dcdfebf494a1463c542cbfe02,"J(X,C=c) = X * 1[C=c]",numeric__loan_amount_000s__x__loan_purpose_name__refinancing_b377fc,fallback-selected; not confirmation-validated,denial,"target_denied = 1 - loan_approved; favorable actions 1/2/8, denial actions 3/7",AP/MCC/accuracy/recall dimensionless; count fields rows; runtime seconds
loan_amount_000s__x__loan_type_name__conventional_7b2d03,onehot_numeric,loan_amount_000s * 1[loan_type_name=fitted_level],"[""loan_amount_000s"", ""loan_type_name""]",0.016388943706445946,"{""loan_amount_000s"": 0.0162846250304296, ""loan_type_name"": 0.00022088949329137492}",0.819978194486488,loan_to_income__x__loan_type_name__conventional_7b2d03,True,kept: family selected by repeated train-only OOF; max_abs_spearman=0.8200,row-local or X-only train-fitted; no target,unseen category activates no fitted interaction,HMDA_pipeline_review/project/new new project/reports/generations/feature_v2/FEATURE_VALIDATION.csv,loan_amount_000s__x__loan_type_name__conventional_7b2d03,classification_v2,train_only_validation,supporting_analysis,train_only_validation,5786f0779b4e343fcd29642e2cb0c0ebe063722dcdfebf494a1463c542cbfe02,"J(X,C=c) = X * 1[C=c]",numeric__loan_amount_000s__x__loan_type_name__conventional_7b2d03,fallback-selected; not confirmation-validated,denial,"target_denied = 1 - loan_approved; favorable actions 1/2/8, denial actions 3/7",AP/MCC/accuracy/recall dimensionless; count fields rows; runtime seconds
loan_amount_000s__x__loan_type_name__fha_insured_49fe2c,onehot_numeric,loan_amount_000s * 1[loan_type_name=fitted_level],"[""loan_amount_000s"", ""loan_type_name""]",0.004061026462240047,"{""loan_amount_000s"": 0.0162846250304296, ""loan_type_name"": 0.00022088949329137492}",0.9936882793247054,loan_to_income__x__loan_type_name__fha_insured_49fe2c,True,kept: family selected by repeated train-only OOF; max_abs_spearman=0.9937,row-local or X-only train-fitted; no target,unseen category activates no fitted interaction,HMDA_pipeline_review/project/new new project/reports/generations/feature_v2/FEATURE_VALIDATION.csv,loan_amount_000s__x__loan_type_name__fha_insured_49fe2c,classification_v2,train_only_validation,supporting_analysis,train_only_validation,5786f0779b4e343fcd29642e2cb0c0ebe063722dcdfebf494a1463c542cbfe02,"J(X,C=c) = X * 1[C=c]",numeric__loan_amount_000s__x__loan_type_name__fha_insured_49fe2c,fallback-selected; not confirmation-validated,denial,"target_denied = 1 - loan_approved; favorable actions 1/2/8, denial actions 3/7",AP/MCC/accuracy/recall dimensionless; count fields rows; runtime seconds
loan_amount_000s__x__loan_type_name__fsa_rhs_guaranteed_b0f5a3,onehot_numeric,loan_amount_000s * 1[loan_type_name=fitted_level],"[""loan_amount_000s"", ""loan_type_name""]",0.0025218292335333903,"{""loan_amount_000s"": 0.0162846250304296, ""loan_type_name"": 0.00022088949329137492}",0.9999616007411959,loan_to_income__x__loan_type_name__fsa_rhs_guaranteed_b0f5a3,True,kept: family selected by repeated train-only OOF; max_abs_spearman=1.0000,row-local or X-only train-fitted; no target,unseen category activates no fitted interaction,HMDA_pipeline_review/project/new new project/reports/generations/feature_v2/FEATURE_VALIDATION.csv,loan_amount_000s__x__loan_type_name__fsa_rhs_guaranteed_b0f5a3,classification_v2,train_only_validation,supporting_analysis,train_only_validation,5786f0779b4e343fcd29642e2cb0c0ebe063722dcdfebf494a1463c542cbfe02,"J(X,C=c) = X * 1[C=c]",numeric__loan_amount_000s__x__loan_type_name__fsa_rhs_guaranteed_b0f5a3,fallback-selected; not confirmation-validated,denial,"target_denied = 1 - loan_approved; favorable actions 1/2/8, denial actions 3/7",AP/MCC/accuracy/recall dimensionless; count fields rows; runtime seconds
loan_amount_000s__x__loan_type_name__va_guaranteed_fe51b7,onehot_numeric,loan_amount_000s * 1[loan_type_name=fitted_level],"[""loan_amount_000s"", ""loan_type_name""]",0.00504898867008019,"{""loan_amount_000s"": 0.0162846250304296, ""loan_type_name"": 0.00022088949329137492}",0.9984542219148896,loan_to_income__x__loan_type_name__va_guaranteed_fe51b7,True,kept: family selected by repeated train-only OOF; max_abs_spearman=0.9985,row-local or X-only train-fitted; no target,unseen category activates no fitted interaction,HMDA_pipeline_review/project/new new project/reports/generations/feature_v2/FEATURE_VALIDATION.csv,loan_amount_000s__x__loan_type_name__va_guaranteed_fe51b7,classification_v2,train_only_validation,supporting_analysis,train_only_validation,5786f0779b4e343fcd29642e2cb0c0ebe063722dcdfebf494a1463c542cbfe02,"J(X,C=c) = X * 1[C=c]",numeric__loan_amount_000s__x__loan_type_name__va_guaranteed_fe51b7,fallback-selected; not confirmation-validated,denial,"target_denied = 1 - loan_approved; favorable actions 1/2/8, denial actions 3/7",AP/MCC/accuracy/recall dimensionless; count fields rows; runtime seconds
loan_amount_000s__x__preapproval_name__not_applicable_67c4d0,onehot_numeric,loan_amount_000s * 1[preapproval_name=fitted_level],"[""loan_amount_000s"", ""preapproval_name""]",0.019572901522771913,"{""loan_amount_000s"": 0.0162846250304296, ""preapproval_name"": 0.008147202780081754}",0.7121610965149778,preapproval_name__frequency,True,kept: family selected by repeated train-only OOF; max_abs_spearman=0.7122,row-local or X-only train-fitted; no target,unseen category activates no fitted interaction,HMDA_pipeline_review/project/new new project/reports/generations/feature_v2/FEATURE_VALIDATION.csv,loan_amount_000s__x__preapproval_name__not_applicable_67c4d0,classification_v2,train_only_validation,supporting_analysis,train_only_validation,5786f0779b4e343fcd29642e2cb0c0ebe063722dcdfebf494a1463c542cbfe02,"J(X,C=c) = X * 1[C=c]",numeric__loan_amount_000s__x__preapproval_name__not_applicable_67c4d0,fallback-selected; not confirmation-validated,denial,"target_denied = 1 - loan_approved; favorable actions 1/2/8, denial actions 3/7",AP/MCC/accuracy/recall dimensionless; count fields rows; runtime seconds
loan_amount_000s__x__preapproval_name__preapproval_was_not_requeste_d75e78,onehot_numeric,loan_amount_000s * 1[preapproval_name=fitted_level],"[""loan_amount_000s"", ""preapproval_name""]",0.0068397479654158655,"{""loan_amount_000s"": 0.0162846250304296, ""preapproval_name"": 0.008147202780081754}",0.8615749108981072,preapproval_name__frequency,True,kept: family selected by repeated train-only OOF; max_abs_spearman=0.8616,row-local or X-only train-fitted; no target,unseen category activates no fitted interaction,HMDA_pipeline_review/project/new new project/reports/generations/feature_v2/FEATURE_VALIDATION.csv,loan_amount_000s__x__preapproval_name__preapproval_was_not_requeste_d75e78,classification_v2,train_only_validation,supporting_analysis,train_only_validation,5786f0779b4e343fcd29642e2cb0c0ebe063722dcdfebf494a1463c542cbfe02,"J(X,C=c) = X * 1[C=c]",numeric__loan_amount_000s__x__preapproval_name__preapproval_was_not_requeste_d75e78,fallback-selected; not confirmation-validated,denial,"target_denied = 1 - loan_approved; favorable actions 1/2/8, denial actions 3/7",AP/MCC/accuracy/recall dimensionless; count fields rows; runtime seconds
loan_amount_000s__x__preapproval_name__preapproval_was_requested_dd2607,onehot_numeric,loan_amount_000s * 1[preapproval_name=fitted_level],"[""loan_amount_000s"", ""preapproval_name""]",0.004648592171424548,"{""loan_amount_000s"": 0.0162846250304296, ""preapproval_name"": 0.008147202780081754}",0.4218037777889726,preapproval_name__frequency,True,kept: family selected by repeated train-only OOF; max_abs_spearman=0.4218,row-local or X-only train-fitted; no target,unseen category activates no fitted interaction,HMDA_pipeline_review/project/new new project/reports/generations/feature_v2/FEATURE_VALIDATION.csv,loan_amount_000s__x__preapproval_name__preapproval_was_requested_dd2607,classification_v2,train_only_validation,supporting_analysis,train_only_validation,5786f0779b4e343fcd29642e2cb0c0ebe063722dcdfebf494a1463c542cbfe02,"J(X,C=c) = X * 1[C=c]",numeric__loan_amount_000s__x__preapproval_name__preapproval_was_requested_dd2607,fallback-selected; not confirmation-validated,denial,"target_denied = 1 - loan_approved; favorable actions 1/2/8, denial actions 3/7",AP/MCC/accuracy/recall dimensionless; count fields rows; runtime seconds
loan_amount_000s__x__property_type_name__manufactured_housing_cc8f31,onehot_numeric,loan_amount_000s * 1[property_type_name=fitted_level],"[""loan_amount_000s"", ""property_type_name""]",0.00711183898061174,"{""loan_amount_000s"": 0.0162846250304296, ""property_type_name"": 0.005262692159767851}",0.9999226200906574,loan_to_income__x__property_type_name__manufactured_housing_cc8f31,True,kept: family selected by repeated train-only OOF; max_abs_spearman=0.9999,row-local or X-only train-fitted; no target,unseen category activates no fitted interaction,HMDA_pipeline_review/project/new new project/reports/generations/feature_v2/FEATURE_VALIDATION.csv,loan_amount_000s__x__property_type_name__manufactured_housing_cc8f31,classification_v2,train_only_validation,supporting_analysis,train_only_validation,5786f0779b4e343fcd29642e2cb0c0ebe063722dcdfebf494a1463c542cbfe02,"J(X,C=c) = X * 1[C=c]",numeric__loan_amount_000s__x__property_type_name__manufactured_housing_cc8f31,fallback-selected; not confirmation-validated,denial,"target_denied = 1 - loan_approved; favorable actions 1/2/8, denial actions 3/7",AP/MCC/accuracy/recall dimensionless; count fields rows; runtime seconds
loan_amount_000s__x__property_type_name__one_to_four_family_dwelling__c18226,onehot_numeric,loan_amount_000s * 1[property_type_name=fitted_level],"[""loan_amount_000s"", ""property_type_name""]",0.018082547885402755,"{""loan_amount_000s"": 0.0162846250304296, ""property_type_name"": 0.005262692159767851}",0.9932014002248126,sqrt_loan_amount_000s,True,kept: family selected by repeated train-only OOF; max_abs_spearman=0.9932,row-local or X-only train-fitted; no target,unseen category activates no fitted interaction,HMDA_pipeline_review/project/new new project/reports/generations/feature_v2/FEATURE_VALIDATION.csv,loan_amount_000s__x__property_type_name__one_to_four_family_dwelling__c18226,classification_v2,train_only_validation,supporting_analysis,train_only_validation,5786f0779b4e343fcd29642e2cb0c0ebe063722dcdfebf494a1463c542cbfe02,"J(X,C=c) = X * 1[C=c]",numeric__loan_amount_000s__x__property_type_name__one_to_four_family_dwelling__c18226,fallback-selected; not confirmation-validated,denial,"target_denied = 1 - loan_approved; favorable actions 1/2/8, denial actions 3/7",AP/MCC/accuracy/recall dimensionless; count fields rows; runtime seconds
loan_to_income__x__lien_status_name__not_secured_by_a_lien_cb0133,onehot_numeric,loan_to_income * 1[lien_status_name=fitted_level],"[""loan_to_income"", ""lien_status_name""]",0.011400109979371909,"{""lien_status_name"": 0.009613662401111396, ""loan_to_income"": 0.015665245864864064}",0.9997223774538325,loan_amount_000s__x__lien_status_name__not_secured_by_a_lien_cb0133,True,kept: family selected by repeated train-only OOF; max_abs_spearman=0.9997,row-local or X-only train-fitted; no target,unseen category activates no fitted interaction,HMDA_pipeline_review/project/new new project/reports/generations/feature_v2/FEATURE_VALIDATION.csv,loan_to_income__x__lien_status_name__not_secured_by_a_lien_cb0133,classification_v2,train_only_validation,supporting_analysis,train_only_validation,5786f0779b4e343fcd29642e2cb0c0ebe063722dcdfebf494a1463c542cbfe02,"J(X,C=c) = X * 1[C=c]",numeric__loan_to_income__x__lien_status_name__not_secured_by_a_lien_cb0133,fallback-selected; not confirmation-validated,denial,"target_denied = 1 - loan_approved; favorable actions 1/2/8, denial actions 3/7",AP/MCC/accuracy/recall dimensionless; count fields rows; runtime seconds
loan_to_income__x__lien_status_name__secured_by_a_first_lien_33f020,onehot_numeric,loan_to_income * 1[lien_status_name=fitted_level],"[""loan_to_income"", ""lien_status_name""]",0.016528384481741876,"{""lien_status_name"": 0.009613662401111396, ""loan_to_income"": 0.015665245864864064}",0.9954425740956935,loan_income_normalized_gap,True,kept: family selected by repeated train-only OOF; max_abs_spearman=0.9954,row-local or X-only train-fitted; no target,unseen category activates no fitted interaction,HMDA_pipeline_review/project/new new project/reports/generations/feature_v2/FEATURE_VALIDATION.csv,loan_to_income__x__lien_status_name__secured_by_a_first_lien_33f020,classification_v2,train_only_validation,supporting_analysis,train_only_validation,5786f0779b4e343fcd29642e2cb0c0ebe063722dcdfebf494a1463c542cbfe02,"J(X,C=c) = X * 1[C=c]",numeric__loan_to_income__x__lien_status_name__secured_by_a_first_lien_33f020,fallback-selected; not confirmation-validated,denial,"target_denied = 1 - loan_approved; favorable actions 1/2/8, denial actions 3/7",AP/MCC/accuracy/recall dimensionless; count fields rows; runtime seconds
loan_to_income__x__lien_status_name__secured_by_a_subordinate_lie_f47dc8,onehot_numeric,loan_to_income * 1[lien_status_name=fitted_level],"[""loan_to_income"", ""lien_status_name""]",0.004002436450143865,"{""lien_status_name"": 0.009613662401111396, ""loan_to_income"": 0.015665245864864064}",0.9998789864493953,loan_amount_000s__x__lien_status_name__secured_by_a_subordinate_lie_f47dc8,True,kept: family selected by repeated train-only OOF; max_abs_spearman=0.9999,row-local or X-only train-fitted; no target,unseen category activates no fitted interaction,HMDA_pipeline_review/project/new new project/reports/generations/feature_v2/FEATURE_VALIDATION.csv,loan_to_income__x__lien_status_name__secured_by_a_subordinate_lie_f47dc8,classification_v2,train_only_validation,supporting_analysis,train_only_validation,5786f0779b4e343fcd29642e2cb0c0ebe063722dcdfebf494a1463c542cbfe02,"J(X,C=c) = X * 1[C=c]",numeric__loan_to_income__x__lien_status_name__secured_by_a_subordinate_lie_f47dc8,fallback-selected; not confirmation-validated,denial,"target_denied = 1 - loan_approved; favorable actions 1/2/8, denial actions 3/7",AP/MCC/accuracy/recall dimensionless; count fields rows; runtime seconds
loan_to_income__x__loan_purpose_name__home_improvement_e92189,onehot_numeric,loan_to_income * 1[loan_purpose_name=fitted_level],"[""loan_to_income"", ""loan_purpose_name""]",0.014927759603318158,"{""loan_purpose_name"": 0.02408271070515766, ""loan_to_income"": 0.015665245864864064}",0.9994932393684538,loan_amount_000s__x__loan_purpose_name__home_improvement_e92189,True,kept: family selected by repeated train-only OOF; max_abs_spearman=0.9995,row-local or X-only train-fitted; no target,unseen category activates no fitted interaction,HMDA_pipeline_review/project/new new project/reports/generations/feature_v2/FEATURE_VALIDATION.csv,loan_to_income__x__loan_purpose_name__home_improvement_e92189,classification_v2,train_only_validation,supporting_analysis,train_only_validation,5786f0779b4e343fcd29642e2cb0c0ebe063722dcdfebf494a1463c542cbfe02,"J(X,C=c) = X * 1[C=c]",numeric__loan_to_income__x__loan_purpose_name__home_improvement_e92189,fallback-selected; not confirmation-validated,denial,"target_denied = 1 - loan_approved; favorable actions 1/2/8, denial actions 3/7",AP/MCC/accuracy/recall dimensionless; count fields rows; runtime seconds
loan_to_income__x__loan_purpose_name__home_purchase_ea1236,onehot_numeric,loan_to_income * 1[loan_purpose_name=fitted_level],"[""loan_to_income"", ""loan_purpose_name""]",0.029455086480846937,"{""loan_purpose_name"": 0.02408271070515766, ""loan_to_income"": 0.015665245864864064}",0.8877589415915674,loan_amount_000s__x__loan_purpose_name__home_purchase_ea1236,True,kept: family selected by repeated train-only OOF; max_abs_spearman=0.8878,row-local or X-only train-fitted; no target,unseen category activates no fitted interaction,HMDA_pipeline_review/project/new new project/reports/generations/feature_v2/FEATURE_VALIDATION.csv,loan_to_income__x__loan_purpose_name__home_purchase_ea1236,classification_v2,train_only_validation,supporting_analysis,train_only_validation,5786f0779b4e343fcd29642e2cb0c0ebe063722dcdfebf494a1463c542cbfe02,"J(X,C=c) = X * 1[C=c]",numeric__loan_to_income__x__loan_purpose_name__home_purchase_ea1236,fallback-selected; not confirmation-validated,denial,"target_denied = 1 - loan_approved; favorable actions 1/2/8, denial actions 3/7",AP/MCC/accuracy/recall dimensionless; count fields rows; runtime seconds
loan_to_income__x__loan_purpose_name__refinancing_b377fc,onehot_numeric,loan_to_income * 1[loan_purpose_name=fitted_level],"[""loan_to_income"", ""loan_purpose_name""]",0.007532635096991092,"{""loan_purpose_name"": 0.02408271070515766, ""loan_to_income"": 0.015665245864864064}",0.9635617142005924,loan_amount_000s__x__loan_purpose_name__refinancing_b377fc,True,kept: family selected by repeated train-only OOF; max_abs_spearman=0.9636,row-local or X-only train-fitted; no target,unseen category activates no fitted interaction,HMDA_pipeline_review/project/new new project/reports/generations/feature_v2/FEATURE_VALIDATION.csv,loan_to_income__x__loan_purpose_name__refinancing_b377fc,classification_v2,train_only_validation,supporting_analysis,train_only_validation,5786f0779b4e343fcd29642e2cb0c0ebe063722dcdfebf494a1463c542cbfe02,"J(X,C=c) = X * 1[C=c]",numeric__loan_to_income__x__loan_purpose_name__refinancing_b377fc,fallback-selected; not confirmation-validated,denial,"target_denied = 1 - loan_approved; favorable actions 1/2/8, denial actions 3/7",AP/MCC/accuracy/recall dimensionless; count fields rows; runtime seconds
loan_to_income__x__loan_type_name__conventional_7b2d03,onehot_numeric,loan_to_income * 1[loan_type_name=fitted_level],"[""loan_to_income"", ""loan_type_name""]",0.013228948625839898,"{""loan_to_income"": 0.015665245864864064, ""loan_type_name"": 0.00022088949329137492}",0.819978194486488,loan_amount_000s__x__loan_type_name__conventional_7b2d03,True,kept: family selected by repeated train-only OOF; max_abs_spearman=0.8200,row-local or X-only train-fitted; no target,unseen category activates no fitted interaction,HMDA_pipeline_review/project/new new project/reports/generations/feature_v2/FEATURE_VALIDATION.csv,loan_to_income__x__loan_type_name__conventional_7b2d03,classification_v2,train_only_validation,supporting_analysis,train_only_validation,5786f0779b4e343fcd29642e2cb0c0ebe063722dcdfebf494a1463c542cbfe02,"J(X,C=c) = X * 1[C=c]",numeric__loan_to_income__x__loan_type_name__conventional_7b2d03,fallback-selected; not confirmation-validated,denial,"target_denied = 1 - loan_approved; favorable actions 1/2/8, denial actions 3/7",AP/MCC/accuracy/recall dimensionless; count fields rows; runtime seconds
loan_to_income__x__loan_type_name__fha_insured_49fe2c,onehot_numeric,loan_to_income * 1[loan_type_name=fitted_level],"[""loan_to_income"", ""loan_type_name""]",0.005729530849167386,"{""loan_to_income"": 0.015665245864864064, ""loan_type_name"": 0.00022088949329137492}",0.9936882793247054,loan_amount_000s__x__loan_type_name__fha_insured_49fe2c,True,kept: family selected by repeated train-only OOF; max_abs_spearman=0.9937,row-local or X-only train-fitted; no target,unseen category activates no fitted interaction,HMDA_pipeline_review/project/new new project/reports/generations/feature_v2/FEATURE_VALIDATION.csv,loan_to_income__x__loan_type_name__fha_insured_49fe2c,classification_v2,train_only_validation,supporting_analysis,train_only_validation,5786f0779b4e343fcd29642e2cb0c0ebe063722dcdfebf494a1463c542cbfe02,"J(X,C=c) = X * 1[C=c]",numeric__loan_to_income__x__loan_type_name__fha_insured_49fe2c,fallback-selected; not confirmation-validated,denial,"target_denied = 1 - loan_approved; favorable actions 1/2/8, denial actions 3/7",AP/MCC/accuracy/recall dimensionless; count fields rows; runtime seconds
loan_to_income__x__loan_type_name__fsa_rhs_guaranteed_b0f5a3,onehot_numeric,loan_to_income * 1[loan_type_name=fitted_level],"[""loan_to_income"", ""loan_type_name""]",0.0025953334380444115,"{""loan_to_income"": 0.015665245864864064, ""loan_type_name"": 0.00022088949329137492}",0.9999616007411959,loan_amount_000s__x__loan_type_name__fsa_rhs_guaranteed_b0f5a3,True,kept: family selected by repeated train-only OOF; max_abs_spearman=1.0000,row-local or X-only train-fitted; no target,unseen category activates no fitted interaction,HMDA_pipeline_review/project/new new project/reports/generations/feature_v2/FEATURE_VALIDATION.csv,loan_to_income__x__loan_type_name__fsa_rhs_guaranteed_b0f5a3,classification_v2,train_only_validation,supporting_analysis,train_only_validation,5786f0779b4e343fcd29642e2cb0c0ebe063722dcdfebf494a1463c542cbfe02,"J(X,C=c) = X * 1[C=c]",numeric__loan_to_income__x__loan_type_name__fsa_rhs_guaranteed_b0f5a3,fallback-selected; not confirmation-validated,denial,"target_denied = 1 - loan_approved; favorable actions 1/2/8, denial actions 3/7",AP/MCC/accuracy/recall dimensionless; count fields rows; runtime seconds
loan_to_income__x__loan_type_name__va_guaranteed_fe51b7,onehot_numeric,loan_to_income * 1[loan_type_name=fitted_level],"[""loan_to_income"", ""loan_type_name""]",0.004510400774790035,"{""loan_to_income"": 0.015665245864864064, ""loan_type_name"": 0.00022088949329137492}",0.9984542219148896,loan_amount_000s__x__loan_type_name__va_guaranteed_fe51b7,True,kept: family selected by repeated train-only OOF; max_abs_spearman=0.9985,row-local or X-only train-fitted; no target,unseen category activates no fitted interaction,HMDA_pipeline_review/project/new new project/reports/generations/feature_v2/FEATURE_VALIDATION.csv,loan_to_income__x__loan_type_name__va_guaranteed_fe51b7,classification_v2,train_only_validation,supporting_analysis,train_only_validation,5786f0779b4e343fcd29642e2cb0c0ebe063722dcdfebf494a1463c542cbfe02,"J(X,C=c) = X * 1[C=c]",numeric__loan_to_income__x__loan_type_name__va_guaranteed_fe51b7,fallback-selected; not confirmation-validated,denial,"target_denied = 1 - loan_approved; favorable actions 1/2/8, denial actions 3/7",AP/MCC/accuracy/recall dimensionless; count fields rows; runtime seconds
loan_to_income__x__owner_occupancy_name__not_applicable_67c4d0,onehot_numeric,loan_to_income * 1[owner_occupancy_name=fitted_level],"[""loan_to_income"", ""owner_occupancy_name""]",0.00039777277045763835,"{""loan_to_income"": 0.015665245864864064, ""owner_occupancy_name"": 4.910985425951326e-05}",0.9999999645259474,applicant_income_000s__x__owner_occupancy_name__not_applicable_67c4d0,True,kept: family selected by repeated train-only OOF; max_abs_spearman=1.0000,row-local or X-only train-fitted; no target,unseen category activates no fitted interaction,HMDA_pipeline_review/project/new new project/reports/generations/feature_v2/FEATURE_VALIDATION.csv,loan_to_income__x__owner_occupancy_name__not_applicable_67c4d0,classification_v2,train_only_validation,supporting_analysis,train_only_validation,5786f0779b4e343fcd29642e2cb0c0ebe063722dcdfebf494a1463c542cbfe02,"J(X,C=c) = X * 1[C=c]",numeric__loan_to_income__x__owner_occupancy_name__not_applicable_67c4d0,fallback-selected; not confirmation-validated,denial,"target_denied = 1 - loan_approved; favorable actions 1/2/8, denial actions 3/7",AP/MCC/accuracy/recall dimensionless; count fields rows; runtime seconds
loan_to_income__x__owner_occupancy_name__not_owner_occupied_as_a_prin_0d60a2,onehot_numeric,loan_to_income * 1[owner_occupancy_name=fitted_level],"[""loan_to_income"", ""owner_occupancy_name""]",0.004217212738318432,"{""loan_to_income"": 0.015665245864864064, ""owner_occupancy_name"": 4.910985425951326e-05}",0.9963692863190403,applicant_income_000s__x__owner_occupancy_name__not_owner_occupied_as_a_prin_0d60a2,True,kept: family selected by repeated train-only OOF; max_abs_spearman=0.9964,row-local or X-only train-fitted; no target,unseen category activates no fitted interaction,HMDA_pipeline_review/project/new new project/reports/generations/feature_v2/FEATURE_VALIDATION.csv,loan_to_income__x__owner_occupancy_name__not_owner_occupied_as_a_prin_0d60a2,classification_v2,train_only_validation,supporting_analysis,train_only_validation,5786f0779b4e343fcd29642e2cb0c0ebe063722dcdfebf494a1463c542cbfe02,"J(X,C=c) = X * 1[C=c]",numeric__loan_to_income__x__owner_occupancy_name__not_owner_occupied_as_a_prin_0d60a2,fallback-selected; not confirmation-validated,denial,"target_denied = 1 - loan_approved; favorable actions 1/2/8, denial actions 3/7",AP/MCC/accuracy/recall dimensionless; count fields rows; runtime seconds
loan_to_income__x__owner_occupancy_name__owner_occupied_as_a_principa_895ecf,onehot_numeric,loan_to_income * 1[owner_occupancy_name=fitted_level],"[""loan_to_income"", ""owner_occupancy_name""]",0.01767277218667851,"{""loan_to_income"": 0.015665245864864064, ""owner_occupancy_name"": 4.910985425951326e-05}",0.9246146332643743,loan_share_of_loan_plus_income,True,kept: family selected by repeated train-only OOF; max_abs_spearman=0.9246,row-local or X-only train-fitted; no target,unseen category activates no fitted interaction,HMDA_pipeline_review/project/new new project/reports/generations/feature_v2/FEATURE_VALIDATION.csv,loan_to_income__x__owner_occupancy_name__owner_occupied_as_a_principa_895ecf,classification_v2,train_only_validation,supporting_analysis,train_only_validation,5786f0779b4e343fcd29642e2cb0c0ebe063722dcdfebf494a1463c542cbfe02,"J(X,C=c) = X * 1[C=c]",numeric__loan_to_income__x__owner_occupancy_name__owner_occupied_as_a_principa_895ecf,fallback-selected; not confirmation-validated,denial,"target_denied = 1 - loan_approved; favorable actions 1/2/8, denial actions 3/7",AP/MCC/accuracy/recall dimensionless; count fields rows; runtime seconds
loan_to_income__x__property_type_name__manufactured_housing_cc8f31,onehot_numeric,loan_to_income * 1[property_type_name=fitted_level],"[""loan_to_income"", ""property_type_name""]",0.006790127543277791,"{""loan_to_income"": 0.015665245864864064, ""property_type_name"": 0.005262692159767851}",0.9999226200906574,loan_amount_000s__x__property_type_name__manufactured_housing_cc8f31,True,kept: family selected by repeated train-only OOF; max_abs_spearman=0.9999,row-local or X-only train-fitted; no target,unseen category activates no fitted interaction,HMDA_pipeline_review/project/new new project/reports/generations/feature_v2/FEATURE_VALIDATION.csv,loan_to_income__x__property_type_name__manufactured_housing_cc8f31,classification_v2,train_only_validation,supporting_analysis,train_only_validation,5786f0779b4e343fcd29642e2cb0c0ebe063722dcdfebf494a1463c542cbfe02,"J(X,C=c) = X * 1[C=c]",numeric__loan_to_income__x__property_type_name__manufactured_housing_cc8f31,fallback-selected; not confirmation-validated,denial,"target_denied = 1 - loan_approved; favorable actions 1/2/8, denial actions 3/7",AP/MCC/accuracy/recall dimensionless; count fields rows; runtime seconds
loan_to_income__x__property_type_name__one_to_four_family_dwelling__c18226,onehot_numeric,loan_to_income * 1[property_type_name=fitted_level],"[""loan_to_income"", ""property_type_name""]",0.0215834885214643,"{""loan_to_income"": 0.015665245864864064, ""property_type_name"": 0.005262692159767851}",0.975729243595387,loan_income_normalized_gap,True,kept: family selected by repeated train-only OOF; max_abs_spearman=0.9757,row-local or X-only train-fitted; no target,unseen category activates no fitted interaction,HMDA_pipeline_review/project/new new project/reports/generations/feature_v2/FEATURE_VALIDATION.csv,loan_to_income__x__property_type_name__one_to_four_family_dwelling__c18226,classification_v2,train_only_validation,supporting_analysis,train_only_validation,5786f0779b4e343fcd29642e2cb0c0ebe063722dcdfebf494a1463c542cbfe02,"J(X,C=c) = X * 1[C=c]",numeric__loan_to_income__x__property_type_name__one_to_four_family_dwelling__c18226,fallback-selected; not confirmation-validated,denial,"target_denied = 1 - loan_approved; favorable actions 1/2/8, denial actions 3/7",AP/MCC/accuracy/recall dimensionless; count fields rows; runtime seconds
