feature,family,formula,source_features,target_mutual_information,source_mutual_information,max_abs_spearman_redundancy,most_redundant_with,selected,keep_reject_reason,leakage_contract,inference_fallback,source_artifact,source_row_key,source_generation,source_evaluation_scope,scientific_status,evaluation_scope,source_sha256,positive_class,target_definition,metric_units
applicant_income_000s__x__owner_occupancy_name__not_applicable_67c4d0,onehot_numeric,applicant_income_000s * 1[owner_occupancy_name=fitted_level],"[""applicant_income_000s"", ""owner_occupancy_name""]",0.00035156295842030864,"{""applicant_income_000s"": 0.021327523352404176, ""owner_occupancy_name"": 4.910985425951326e-05}",0.9999999645259474,loan_to_income__x__owner_occupancy_name__not_applicable_67c4d0,True,kept: family selected by repeated train-only OOF; max_abs_spearman=1.0000,row-local or X-only train-fitted; no target,unseen category activates no fitted interaction,HMDA_pipeline_review/project/new new project/reports/generations/feature_v2/FEATURE_VALIDATION.csv,applicant_income_000s__x__owner_occupancy_name__not_applicable_67c4d0,classification_v2,train_only_validation,supporting_analysis,train_only_validation,5786f0779b4e343fcd29642e2cb0c0ebe063722dcdfebf494a1463c542cbfe02,denial,"target_denied = 1 - loan_approved; favorable actions 1/2/8, denial actions 3/7",AP/MCC/accuracy/recall dimensionless; count fields rows; runtime seconds
applicant_income_000s__x__owner_occupancy_name__not_owner_occupied_as_a_prin_0d60a2,onehot_numeric,applicant_income_000s * 1[owner_occupancy_name=fitted_level],"[""applicant_income_000s"", ""owner_occupancy_name""]",0.005154278803170431,"{""applicant_income_000s"": 0.021327523352404176, ""owner_occupancy_name"": 4.910985425951326e-05}",0.9963692863190403,loan_to_income__x__owner_occupancy_name__not_owner_occupied_as_a_prin_0d60a2,True,kept: family selected by repeated train-only OOF; max_abs_spearman=0.9964,row-local or X-only train-fitted; no target,unseen category activates no fitted interaction,HMDA_pipeline_review/project/new new project/reports/generations/feature_v2/FEATURE_VALIDATION.csv,applicant_income_000s__x__owner_occupancy_name__not_owner_occupied_as_a_prin_0d60a2,classification_v2,train_only_validation,supporting_analysis,train_only_validation,5786f0779b4e343fcd29642e2cb0c0ebe063722dcdfebf494a1463c542cbfe02,denial,"target_denied = 1 - loan_approved; favorable actions 1/2/8, denial actions 3/7",AP/MCC/accuracy/recall dimensionless; count fields rows; runtime seconds
applicant_income_000s__x__owner_occupancy_name__owner_occupied_as_a_principa_895ecf,onehot_numeric,applicant_income_000s * 1[owner_occupancy_name=fitted_level],"[""applicant_income_000s"", ""owner_occupancy_name""]",0.021395894969296503,"{""applicant_income_000s"": 0.021327523352404176, ""owner_occupancy_name"": 4.910985425951326e-05}",0.8380930465052755,applicant_income_000s__by__owner_occupancy_name__robust_z,True,kept: family selected by repeated train-only OOF; max_abs_spearman=0.8381,row-local or X-only train-fitted; no target,unseen category activates no fitted interaction,HMDA_pipeline_review/project/new new project/reports/generations/feature_v2/FEATURE_VALIDATION.csv,applicant_income_000s__x__owner_occupancy_name__owner_occupied_as_a_principa_895ecf,classification_v2,train_only_validation,supporting_analysis,train_only_validation,5786f0779b4e343fcd29642e2cb0c0ebe063722dcdfebf494a1463c542cbfe02,denial,"target_denied = 1 - loan_approved; favorable actions 1/2/8, denial actions 3/7",AP/MCC/accuracy/recall dimensionless; count fields rows; runtime seconds
loan_amount_000s__x__lien_status_name__not_secured_by_a_lien_cb0133,onehot_numeric,loan_amount_000s * 1[lien_status_name=fitted_level],"[""loan_amount_000s"", ""lien_status_name""]",0.011265717387193508,"{""lien_status_name"": 0.009613662401111396, ""loan_amount_000s"": 0.0162846250304296}",0.9997223774538325,loan_to_income__x__lien_status_name__not_secured_by_a_lien_cb0133,True,kept: family selected by repeated train-only OOF; max_abs_spearman=0.9997,row-local or X-only train-fitted; no target,unseen category activates no fitted interaction,HMDA_pipeline_review/project/new new project/reports/generations/feature_v2/FEATURE_VALIDATION.csv,loan_amount_000s__x__lien_status_name__not_secured_by_a_lien_cb0133,classification_v2,train_only_validation,supporting_analysis,train_only_validation,5786f0779b4e343fcd29642e2cb0c0ebe063722dcdfebf494a1463c542cbfe02,denial,"target_denied = 1 - loan_approved; favorable actions 1/2/8, denial actions 3/7",AP/MCC/accuracy/recall dimensionless; count fields rows; runtime seconds
loan_amount_000s__x__lien_status_name__secured_by_a_first_lien_33f020,onehot_numeric,loan_amount_000s * 1[lien_status_name=fitted_level],"[""loan_amount_000s"", ""lien_status_name""]",0.017248760862083268,"{""lien_status_name"": 0.009613662401111396, ""loan_amount_000s"": 0.0162846250304296}",0.9944386057186506,sqrt_loan_amount_000s,True,kept: family selected by repeated train-only OOF; max_abs_spearman=0.9944,row-local or X-only train-fitted; no target,unseen category activates no fitted interaction,HMDA_pipeline_review/project/new new project/reports/generations/feature_v2/FEATURE_VALIDATION.csv,loan_amount_000s__x__lien_status_name__secured_by_a_first_lien_33f020,classification_v2,train_only_validation,supporting_analysis,train_only_validation,5786f0779b4e343fcd29642e2cb0c0ebe063722dcdfebf494a1463c542cbfe02,denial,"target_denied = 1 - loan_approved; favorable actions 1/2/8, denial actions 3/7",AP/MCC/accuracy/recall dimensionless; count fields rows; runtime seconds
loan_amount_000s__x__lien_status_name__secured_by_a_subordinate_lie_f47dc8,onehot_numeric,loan_amount_000s * 1[lien_status_name=fitted_level],"[""loan_amount_000s"", ""lien_status_name""]",0.0034832452644979472,"{""lien_status_name"": 0.009613662401111396, ""loan_amount_000s"": 0.0162846250304296}",0.9998789864493953,loan_to_income__x__lien_status_name__secured_by_a_subordinate_lie_f47dc8,True,kept: family selected by repeated train-only OOF; max_abs_spearman=0.9999,row-local or X-only train-fitted; no target,unseen category activates no fitted interaction,HMDA_pipeline_review/project/new new project/reports/generations/feature_v2/FEATURE_VALIDATION.csv,loan_amount_000s__x__lien_status_name__secured_by_a_subordinate_lie_f47dc8,classification_v2,train_only_validation,supporting_analysis,train_only_validation,5786f0779b4e343fcd29642e2cb0c0ebe063722dcdfebf494a1463c542cbfe02,denial,"target_denied = 1 - loan_approved; favorable actions 1/2/8, denial actions 3/7",AP/MCC/accuracy/recall dimensionless; count fields rows; runtime seconds
loan_amount_000s__x__loan_purpose_name__home_improvement_e92189,onehot_numeric,loan_amount_000s * 1[loan_purpose_name=fitted_level],"[""loan_amount_000s"", ""loan_purpose_name""]",0.01651547351744065,"{""loan_amount_000s"": 0.0162846250304296, ""loan_purpose_name"": 0.02408271070515766}",0.9994932393684538,loan_to_income__x__loan_purpose_name__home_improvement_e92189,True,kept: family selected by repeated train-only OOF; max_abs_spearman=0.9995,row-local or X-only train-fitted; no target,unseen category activates no fitted interaction,HMDA_pipeline_review/project/new new project/reports/generations/feature_v2/FEATURE_VALIDATION.csv,loan_amount_000s__x__loan_purpose_name__home_improvement_e92189,classification_v2,train_only_validation,supporting_analysis,train_only_validation,5786f0779b4e343fcd29642e2cb0c0ebe063722dcdfebf494a1463c542cbfe02,denial,"target_denied = 1 - loan_approved; favorable actions 1/2/8, denial actions 3/7",AP/MCC/accuracy/recall dimensionless; count fields rows; runtime seconds
loan_amount_000s__x__loan_purpose_name__home_purchase_ea1236,onehot_numeric,loan_amount_000s * 1[loan_purpose_name=fitted_level],"[""loan_amount_000s"", ""loan_purpose_name""]",0.031201762289882584,"{""loan_amount_000s"": 0.0162846250304296, ""loan_purpose_name"": 0.02408271070515766}",0.8877589415915674,loan_to_income__x__loan_purpose_name__home_purchase_ea1236,True,kept: family selected by repeated train-only OOF; max_abs_spearman=0.8878,row-local or X-only train-fitted; no target,unseen category activates no fitted interaction,HMDA_pipeline_review/project/new new project/reports/generations/feature_v2/FEATURE_VALIDATION.csv,loan_amount_000s__x__loan_purpose_name__home_purchase_ea1236,classification_v2,train_only_validation,supporting_analysis,train_only_validation,5786f0779b4e343fcd29642e2cb0c0ebe063722dcdfebf494a1463c542cbfe02,denial,"target_denied = 1 - loan_approved; favorable actions 1/2/8, denial actions 3/7",AP/MCC/accuracy/recall dimensionless; count fields rows; runtime seconds
loan_amount_000s__x__loan_purpose_name__refinancing_b377fc,onehot_numeric,loan_amount_000s * 1[loan_purpose_name=fitted_level],"[""loan_amount_000s"", ""loan_purpose_name""]",0.004028032055402253,"{""loan_amount_000s"": 0.0162846250304296, ""loan_purpose_name"": 0.02408271070515766}",0.9635617142005924,loan_to_income__x__loan_purpose_name__refinancing_b377fc,True,kept: family selected by repeated train-only OOF; max_abs_spearman=0.9636,row-local or X-only train-fitted; no target,unseen category activates no fitted interaction,HMDA_pipeline_review/project/new new project/reports/generations/feature_v2/FEATURE_VALIDATION.csv,loan_amount_000s__x__loan_purpose_name__refinancing_b377fc,classification_v2,train_only_validation,supporting_analysis,train_only_validation,5786f0779b4e343fcd29642e2cb0c0ebe063722dcdfebf494a1463c542cbfe02,denial,"target_denied = 1 - loan_approved; favorable actions 1/2/8, denial actions 3/7",AP/MCC/accuracy/recall dimensionless; count fields rows; runtime seconds
loan_amount_000s__x__loan_type_name__conventional_7b2d03,onehot_numeric,loan_amount_000s * 1[loan_type_name=fitted_level],"[""loan_amount_000s"", ""loan_type_name""]",0.016388943706445946,"{""loan_amount_000s"": 0.0162846250304296, ""loan_type_name"": 0.00022088949329137492}",0.819978194486488,loan_to_income__x__loan_type_name__conventional_7b2d03,True,kept: family selected by repeated train-only OOF; max_abs_spearman=0.8200,row-local or X-only train-fitted; no target,unseen category activates no fitted interaction,HMDA_pipeline_review/project/new new project/reports/generations/feature_v2/FEATURE_VALIDATION.csv,loan_amount_000s__x__loan_type_name__conventional_7b2d03,classification_v2,train_only_validation,supporting_analysis,train_only_validation,5786f0779b4e343fcd29642e2cb0c0ebe063722dcdfebf494a1463c542cbfe02,denial,"target_denied = 1 - loan_approved; favorable actions 1/2/8, denial actions 3/7",AP/MCC/accuracy/recall dimensionless; count fields rows; runtime seconds
loan_amount_000s__x__loan_type_name__fha_insured_49fe2c,onehot_numeric,loan_amount_000s * 1[loan_type_name=fitted_level],"[""loan_amount_000s"", ""loan_type_name""]",0.004061026462240047,"{""loan_amount_000s"": 0.0162846250304296, ""loan_type_name"": 0.00022088949329137492}",0.9936882793247054,loan_to_income__x__loan_type_name__fha_insured_49fe2c,True,kept: family selected by repeated train-only OOF; max_abs_spearman=0.9937,row-local or X-only train-fitted; no target,unseen category activates no fitted interaction,HMDA_pipeline_review/project/new new project/reports/generations/feature_v2/FEATURE_VALIDATION.csv,loan_amount_000s__x__loan_type_name__fha_insured_49fe2c,classification_v2,train_only_validation,supporting_analysis,train_only_validation,5786f0779b4e343fcd29642e2cb0c0ebe063722dcdfebf494a1463c542cbfe02,denial,"target_denied = 1 - loan_approved; favorable actions 1/2/8, denial actions 3/7",AP/MCC/accuracy/recall dimensionless; count fields rows; runtime seconds
loan_amount_000s__x__loan_type_name__fsa_rhs_guaranteed_b0f5a3,onehot_numeric,loan_amount_000s * 1[loan_type_name=fitted_level],"[""loan_amount_000s"", ""loan_type_name""]",0.0025218292335333903,"{""loan_amount_000s"": 0.0162846250304296, ""loan_type_name"": 0.00022088949329137492}",0.9999616007411959,loan_to_income__x__loan_type_name__fsa_rhs_guaranteed_b0f5a3,True,kept: family selected by repeated train-only OOF; max_abs_spearman=1.0000,row-local or X-only train-fitted; no target,unseen category activates no fitted interaction,HMDA_pipeline_review/project/new new project/reports/generations/feature_v2/FEATURE_VALIDATION.csv,loan_amount_000s__x__loan_type_name__fsa_rhs_guaranteed_b0f5a3,classification_v2,train_only_validation,supporting_analysis,train_only_validation,5786f0779b4e343fcd29642e2cb0c0ebe063722dcdfebf494a1463c542cbfe02,denial,"target_denied = 1 - loan_approved; favorable actions 1/2/8, denial actions 3/7",AP/MCC/accuracy/recall dimensionless; count fields rows; runtime seconds
loan_amount_000s__x__loan_type_name__va_guaranteed_fe51b7,onehot_numeric,loan_amount_000s * 1[loan_type_name=fitted_level],"[""loan_amount_000s"", ""loan_type_name""]",0.00504898867008019,"{""loan_amount_000s"": 0.0162846250304296, ""loan_type_name"": 0.00022088949329137492}",0.9984542219148896,loan_to_income__x__loan_type_name__va_guaranteed_fe51b7,True,kept: family selected by repeated train-only OOF; max_abs_spearman=0.9985,row-local or X-only train-fitted; no target,unseen category activates no fitted interaction,HMDA_pipeline_review/project/new new project/reports/generations/feature_v2/FEATURE_VALIDATION.csv,loan_amount_000s__x__loan_type_name__va_guaranteed_fe51b7,classification_v2,train_only_validation,supporting_analysis,train_only_validation,5786f0779b4e343fcd29642e2cb0c0ebe063722dcdfebf494a1463c542cbfe02,denial,"target_denied = 1 - loan_approved; favorable actions 1/2/8, denial actions 3/7",AP/MCC/accuracy/recall dimensionless; count fields rows; runtime seconds
loan_amount_000s__x__preapproval_name__not_applicable_67c4d0,onehot_numeric,loan_amount_000s * 1[preapproval_name=fitted_level],"[""loan_amount_000s"", ""preapproval_name""]",0.019572901522771913,"{""loan_amount_000s"": 0.0162846250304296, ""preapproval_name"": 0.008147202780081754}",0.7121610965149778,preapproval_name__frequency,True,kept: family selected by repeated train-only OOF; max_abs_spearman=0.7122,row-local or X-only train-fitted; no target,unseen category activates no fitted interaction,HMDA_pipeline_review/project/new new project/reports/generations/feature_v2/FEATURE_VALIDATION.csv,loan_amount_000s__x__preapproval_name__not_applicable_67c4d0,classification_v2,train_only_validation,supporting_analysis,train_only_validation,5786f0779b4e343fcd29642e2cb0c0ebe063722dcdfebf494a1463c542cbfe02,denial,"target_denied = 1 - loan_approved; favorable actions 1/2/8, denial actions 3/7",AP/MCC/accuracy/recall dimensionless; count fields rows; runtime seconds
loan_amount_000s__x__preapproval_name__preapproval_was_not_requeste_d75e78,onehot_numeric,loan_amount_000s * 1[preapproval_name=fitted_level],"[""loan_amount_000s"", ""preapproval_name""]",0.0068397479654158655,"{""loan_amount_000s"": 0.0162846250304296, ""preapproval_name"": 0.008147202780081754}",0.8615749108981072,preapproval_name__frequency,True,kept: family selected by repeated train-only OOF; max_abs_spearman=0.8616,row-local or X-only train-fitted; no target,unseen category activates no fitted interaction,HMDA_pipeline_review/project/new new project/reports/generations/feature_v2/FEATURE_VALIDATION.csv,loan_amount_000s__x__preapproval_name__preapproval_was_not_requeste_d75e78,classification_v2,train_only_validation,supporting_analysis,train_only_validation,5786f0779b4e343fcd29642e2cb0c0ebe063722dcdfebf494a1463c542cbfe02,denial,"target_denied = 1 - loan_approved; favorable actions 1/2/8, denial actions 3/7",AP/MCC/accuracy/recall dimensionless; count fields rows; runtime seconds
loan_amount_000s__x__preapproval_name__preapproval_was_requested_dd2607,onehot_numeric,loan_amount_000s * 1[preapproval_name=fitted_level],"[""loan_amount_000s"", ""preapproval_name""]",0.004648592171424548,"{""loan_amount_000s"": 0.0162846250304296, ""preapproval_name"": 0.008147202780081754}",0.4218037777889726,preapproval_name__frequency,True,kept: family selected by repeated train-only OOF; max_abs_spearman=0.4218,row-local or X-only train-fitted; no target,unseen category activates no fitted interaction,HMDA_pipeline_review/project/new new project/reports/generations/feature_v2/FEATURE_VALIDATION.csv,loan_amount_000s__x__preapproval_name__preapproval_was_requested_dd2607,classification_v2,train_only_validation,supporting_analysis,train_only_validation,5786f0779b4e343fcd29642e2cb0c0ebe063722dcdfebf494a1463c542cbfe02,denial,"target_denied = 1 - loan_approved; favorable actions 1/2/8, denial actions 3/7",AP/MCC/accuracy/recall dimensionless; count fields rows; runtime seconds
loan_amount_000s__x__property_type_name__manufactured_housing_cc8f31,onehot_numeric,loan_amount_000s * 1[property_type_name=fitted_level],"[""loan_amount_000s"", ""property_type_name""]",0.00711183898061174,"{""loan_amount_000s"": 0.0162846250304296, ""property_type_name"": 0.005262692159767851}",0.9999226200906574,loan_to_income__x__property_type_name__manufactured_housing_cc8f31,True,kept: family selected by repeated train-only OOF; max_abs_spearman=0.9999,row-local or X-only train-fitted; no target,unseen category activates no fitted interaction,HMDA_pipeline_review/project/new new project/reports/generations/feature_v2/FEATURE_VALIDATION.csv,loan_amount_000s__x__property_type_name__manufactured_housing_cc8f31,classification_v2,train_only_validation,supporting_analysis,train_only_validation,5786f0779b4e343fcd29642e2cb0c0ebe063722dcdfebf494a1463c542cbfe02,denial,"target_denied = 1 - loan_approved; favorable actions 1/2/8, denial actions 3/7",AP/MCC/accuracy/recall dimensionless; count fields rows; runtime seconds
loan_amount_000s__x__property_type_name__one_to_four_family_dwelling__c18226,onehot_numeric,loan_amount_000s * 1[property_type_name=fitted_level],"[""loan_amount_000s"", ""property_type_name""]",0.018082547885402755,"{""loan_amount_000s"": 0.0162846250304296, ""property_type_name"": 0.005262692159767851}",0.9932014002248126,sqrt_loan_amount_000s,True,kept: family selected by repeated train-only OOF; max_abs_spearman=0.9932,row-local or X-only train-fitted; no target,unseen category activates no fitted interaction,HMDA_pipeline_review/project/new new project/reports/generations/feature_v2/FEATURE_VALIDATION.csv,loan_amount_000s__x__property_type_name__one_to_four_family_dwelling__c18226,classification_v2,train_only_validation,supporting_analysis,train_only_validation,5786f0779b4e343fcd29642e2cb0c0ebe063722dcdfebf494a1463c542cbfe02,denial,"target_denied = 1 - loan_approved; favorable actions 1/2/8, denial actions 3/7",AP/MCC/accuracy/recall dimensionless; count fields rows; runtime seconds
loan_to_income__x__lien_status_name__not_secured_by_a_lien_cb0133,onehot_numeric,loan_to_income * 1[lien_status_name=fitted_level],"[""loan_to_income"", ""lien_status_name""]",0.011400109979371909,"{""lien_status_name"": 0.009613662401111396, ""loan_to_income"": 0.015665245864864064}",0.9997223774538325,loan_amount_000s__x__lien_status_name__not_secured_by_a_lien_cb0133,True,kept: family selected by repeated train-only OOF; max_abs_spearman=0.9997,row-local or X-only train-fitted; no target,unseen category activates no fitted interaction,HMDA_pipeline_review/project/new new project/reports/generations/feature_v2/FEATURE_VALIDATION.csv,loan_to_income__x__lien_status_name__not_secured_by_a_lien_cb0133,classification_v2,train_only_validation,supporting_analysis,train_only_validation,5786f0779b4e343fcd29642e2cb0c0ebe063722dcdfebf494a1463c542cbfe02,denial,"target_denied = 1 - loan_approved; favorable actions 1/2/8, denial actions 3/7",AP/MCC/accuracy/recall dimensionless; count fields rows; runtime seconds
loan_to_income__x__lien_status_name__secured_by_a_first_lien_33f020,onehot_numeric,loan_to_income * 1[lien_status_name=fitted_level],"[""loan_to_income"", ""lien_status_name""]",0.016528384481741876,"{""lien_status_name"": 0.009613662401111396, ""loan_to_income"": 0.015665245864864064}",0.9954425740956935,loan_income_normalized_gap,True,kept: family selected by repeated train-only OOF; max_abs_spearman=0.9954,row-local or X-only train-fitted; no target,unseen category activates no fitted interaction,HMDA_pipeline_review/project/new new project/reports/generations/feature_v2/FEATURE_VALIDATION.csv,loan_to_income__x__lien_status_name__secured_by_a_first_lien_33f020,classification_v2,train_only_validation,supporting_analysis,train_only_validation,5786f0779b4e343fcd29642e2cb0c0ebe063722dcdfebf494a1463c542cbfe02,denial,"target_denied = 1 - loan_approved; favorable actions 1/2/8, denial actions 3/7",AP/MCC/accuracy/recall dimensionless; count fields rows; runtime seconds
loan_to_income__x__lien_status_name__secured_by_a_subordinate_lie_f47dc8,onehot_numeric,loan_to_income * 1[lien_status_name=fitted_level],"[""loan_to_income"", ""lien_status_name""]",0.004002436450143865,"{""lien_status_name"": 0.009613662401111396, ""loan_to_income"": 0.015665245864864064}",0.9998789864493953,loan_amount_000s__x__lien_status_name__secured_by_a_subordinate_lie_f47dc8,True,kept: family selected by repeated train-only OOF; max_abs_spearman=0.9999,row-local or X-only train-fitted; no target,unseen category activates no fitted interaction,HMDA_pipeline_review/project/new new project/reports/generations/feature_v2/FEATURE_VALIDATION.csv,loan_to_income__x__lien_status_name__secured_by_a_subordinate_lie_f47dc8,classification_v2,train_only_validation,supporting_analysis,train_only_validation,5786f0779b4e343fcd29642e2cb0c0ebe063722dcdfebf494a1463c542cbfe02,denial,"target_denied = 1 - loan_approved; favorable actions 1/2/8, denial actions 3/7",AP/MCC/accuracy/recall dimensionless; count fields rows; runtime seconds
loan_to_income__x__loan_purpose_name__home_improvement_e92189,onehot_numeric,loan_to_income * 1[loan_purpose_name=fitted_level],"[""loan_to_income"", ""loan_purpose_name""]",0.014927759603318158,"{""loan_purpose_name"": 0.02408271070515766, ""loan_to_income"": 0.015665245864864064}",0.9994932393684538,loan_amount_000s__x__loan_purpose_name__home_improvement_e92189,True,kept: family selected by repeated train-only OOF; max_abs_spearman=0.9995,row-local or X-only train-fitted; no target,unseen category activates no fitted interaction,HMDA_pipeline_review/project/new new project/reports/generations/feature_v2/FEATURE_VALIDATION.csv,loan_to_income__x__loan_purpose_name__home_improvement_e92189,classification_v2,train_only_validation,supporting_analysis,train_only_validation,5786f0779b4e343fcd29642e2cb0c0ebe063722dcdfebf494a1463c542cbfe02,denial,"target_denied = 1 - loan_approved; favorable actions 1/2/8, denial actions 3/7",AP/MCC/accuracy/recall dimensionless; count fields rows; runtime seconds
loan_to_income__x__loan_purpose_name__home_purchase_ea1236,onehot_numeric,loan_to_income * 1[loan_purpose_name=fitted_level],"[""loan_to_income"", ""loan_purpose_name""]",0.029455086480846937,"{""loan_purpose_name"": 0.02408271070515766, ""loan_to_income"": 0.015665245864864064}",0.8877589415915674,loan_amount_000s__x__loan_purpose_name__home_purchase_ea1236,True,kept: family selected by repeated train-only OOF; max_abs_spearman=0.8878,row-local or X-only train-fitted; no target,unseen category activates no fitted interaction,HMDA_pipeline_review/project/new new project/reports/generations/feature_v2/FEATURE_VALIDATION.csv,loan_to_income__x__loan_purpose_name__home_purchase_ea1236,classification_v2,train_only_validation,supporting_analysis,train_only_validation,5786f0779b4e343fcd29642e2cb0c0ebe063722dcdfebf494a1463c542cbfe02,denial,"target_denied = 1 - loan_approved; favorable actions 1/2/8, denial actions 3/7",AP/MCC/accuracy/recall dimensionless; count fields rows; runtime seconds
loan_to_income__x__loan_purpose_name__refinancing_b377fc,onehot_numeric,loan_to_income * 1[loan_purpose_name=fitted_level],"[""loan_to_income"", ""loan_purpose_name""]",0.007532635096991092,"{""loan_purpose_name"": 0.02408271070515766, ""loan_to_income"": 0.015665245864864064}",0.9635617142005924,loan_amount_000s__x__loan_purpose_name__refinancing_b377fc,True,kept: family selected by repeated train-only OOF; max_abs_spearman=0.9636,row-local or X-only train-fitted; no target,unseen category activates no fitted interaction,HMDA_pipeline_review/project/new new project/reports/generations/feature_v2/FEATURE_VALIDATION.csv,loan_to_income__x__loan_purpose_name__refinancing_b377fc,classification_v2,train_only_validation,supporting_analysis,train_only_validation,5786f0779b4e343fcd29642e2cb0c0ebe063722dcdfebf494a1463c542cbfe02,denial,"target_denied = 1 - loan_approved; favorable actions 1/2/8, denial actions 3/7",AP/MCC/accuracy/recall dimensionless; count fields rows; runtime seconds
loan_to_income__x__loan_type_name__conventional_7b2d03,onehot_numeric,loan_to_income * 1[loan_type_name=fitted_level],"[""loan_to_income"", ""loan_type_name""]",0.013228948625839898,"{""loan_to_income"": 0.015665245864864064, ""loan_type_name"": 0.00022088949329137492}",0.819978194486488,loan_amount_000s__x__loan_type_name__conventional_7b2d03,True,kept: family selected by repeated train-only OOF; max_abs_spearman=0.8200,row-local or X-only train-fitted; no target,unseen category activates no fitted interaction,HMDA_pipeline_review/project/new new project/reports/generations/feature_v2/FEATURE_VALIDATION.csv,loan_to_income__x__loan_type_name__conventional_7b2d03,classification_v2,train_only_validation,supporting_analysis,train_only_validation,5786f0779b4e343fcd29642e2cb0c0ebe063722dcdfebf494a1463c542cbfe02,denial,"target_denied = 1 - loan_approved; favorable actions 1/2/8, denial actions 3/7",AP/MCC/accuracy/recall dimensionless; count fields rows; runtime seconds
loan_to_income__x__loan_type_name__fha_insured_49fe2c,onehot_numeric,loan_to_income * 1[loan_type_name=fitted_level],"[""loan_to_income"", ""loan_type_name""]",0.005729530849167386,"{""loan_to_income"": 0.015665245864864064, ""loan_type_name"": 0.00022088949329137492}",0.9936882793247054,loan_amount_000s__x__loan_type_name__fha_insured_49fe2c,True,kept: family selected by repeated train-only OOF; max_abs_spearman=0.9937,row-local or X-only train-fitted; no target,unseen category activates no fitted interaction,HMDA_pipeline_review/project/new new project/reports/generations/feature_v2/FEATURE_VALIDATION.csv,loan_to_income__x__loan_type_name__fha_insured_49fe2c,classification_v2,train_only_validation,supporting_analysis,train_only_validation,5786f0779b4e343fcd29642e2cb0c0ebe063722dcdfebf494a1463c542cbfe02,denial,"target_denied = 1 - loan_approved; favorable actions 1/2/8, denial actions 3/7",AP/MCC/accuracy/recall dimensionless; count fields rows; runtime seconds
loan_to_income__x__loan_type_name__fsa_rhs_guaranteed_b0f5a3,onehot_numeric,loan_to_income * 1[loan_type_name=fitted_level],"[""loan_to_income"", ""loan_type_name""]",0.0025953334380444115,"{""loan_to_income"": 0.015665245864864064, ""loan_type_name"": 0.00022088949329137492}",0.9999616007411959,loan_amount_000s__x__loan_type_name__fsa_rhs_guaranteed_b0f5a3,True,kept: family selected by repeated train-only OOF; max_abs_spearman=1.0000,row-local or X-only train-fitted; no target,unseen category activates no fitted interaction,HMDA_pipeline_review/project/new new project/reports/generations/feature_v2/FEATURE_VALIDATION.csv,loan_to_income__x__loan_type_name__fsa_rhs_guaranteed_b0f5a3,classification_v2,train_only_validation,supporting_analysis,train_only_validation,5786f0779b4e343fcd29642e2cb0c0ebe063722dcdfebf494a1463c542cbfe02,denial,"target_denied = 1 - loan_approved; favorable actions 1/2/8, denial actions 3/7",AP/MCC/accuracy/recall dimensionless; count fields rows; runtime seconds
loan_to_income__x__loan_type_name__va_guaranteed_fe51b7,onehot_numeric,loan_to_income * 1[loan_type_name=fitted_level],"[""loan_to_income"", ""loan_type_name""]",0.004510400774790035,"{""loan_to_income"": 0.015665245864864064, ""loan_type_name"": 0.00022088949329137492}",0.9984542219148896,loan_amount_000s__x__loan_type_name__va_guaranteed_fe51b7,True,kept: family selected by repeated train-only OOF; max_abs_spearman=0.9985,row-local or X-only train-fitted; no target,unseen category activates no fitted interaction,HMDA_pipeline_review/project/new new project/reports/generations/feature_v2/FEATURE_VALIDATION.csv,loan_to_income__x__loan_type_name__va_guaranteed_fe51b7,classification_v2,train_only_validation,supporting_analysis,train_only_validation,5786f0779b4e343fcd29642e2cb0c0ebe063722dcdfebf494a1463c542cbfe02,denial,"target_denied = 1 - loan_approved; favorable actions 1/2/8, denial actions 3/7",AP/MCC/accuracy/recall dimensionless; count fields rows; runtime seconds
loan_to_income__x__owner_occupancy_name__not_applicable_67c4d0,onehot_numeric,loan_to_income * 1[owner_occupancy_name=fitted_level],"[""loan_to_income"", ""owner_occupancy_name""]",0.00039777277045763835,"{""loan_to_income"": 0.015665245864864064, ""owner_occupancy_name"": 4.910985425951326e-05}",0.9999999645259474,applicant_income_000s__x__owner_occupancy_name__not_applicable_67c4d0,True,kept: family selected by repeated train-only OOF; max_abs_spearman=1.0000,row-local or X-only train-fitted; no target,unseen category activates no fitted interaction,HMDA_pipeline_review/project/new new project/reports/generations/feature_v2/FEATURE_VALIDATION.csv,loan_to_income__x__owner_occupancy_name__not_applicable_67c4d0,classification_v2,train_only_validation,supporting_analysis,train_only_validation,5786f0779b4e343fcd29642e2cb0c0ebe063722dcdfebf494a1463c542cbfe02,denial,"target_denied = 1 - loan_approved; favorable actions 1/2/8, denial actions 3/7",AP/MCC/accuracy/recall dimensionless; count fields rows; runtime seconds
loan_to_income__x__owner_occupancy_name__not_owner_occupied_as_a_prin_0d60a2,onehot_numeric,loan_to_income * 1[owner_occupancy_name=fitted_level],"[""loan_to_income"", ""owner_occupancy_name""]",0.004217212738318432,"{""loan_to_income"": 0.015665245864864064, ""owner_occupancy_name"": 4.910985425951326e-05}",0.9963692863190403,applicant_income_000s__x__owner_occupancy_name__not_owner_occupied_as_a_prin_0d60a2,True,kept: family selected by repeated train-only OOF; max_abs_spearman=0.9964,row-local or X-only train-fitted; no target,unseen category activates no fitted interaction,HMDA_pipeline_review/project/new new project/reports/generations/feature_v2/FEATURE_VALIDATION.csv,loan_to_income__x__owner_occupancy_name__not_owner_occupied_as_a_prin_0d60a2,classification_v2,train_only_validation,supporting_analysis,train_only_validation,5786f0779b4e343fcd29642e2cb0c0ebe063722dcdfebf494a1463c542cbfe02,denial,"target_denied = 1 - loan_approved; favorable actions 1/2/8, denial actions 3/7",AP/MCC/accuracy/recall dimensionless; count fields rows; runtime seconds
loan_to_income__x__owner_occupancy_name__owner_occupied_as_a_principa_895ecf,onehot_numeric,loan_to_income * 1[owner_occupancy_name=fitted_level],"[""loan_to_income"", ""owner_occupancy_name""]",0.01767277218667851,"{""loan_to_income"": 0.015665245864864064, ""owner_occupancy_name"": 4.910985425951326e-05}",0.9246146332643743,loan_share_of_loan_plus_income,True,kept: family selected by repeated train-only OOF; max_abs_spearman=0.9246,row-local or X-only train-fitted; no target,unseen category activates no fitted interaction,HMDA_pipeline_review/project/new new project/reports/generations/feature_v2/FEATURE_VALIDATION.csv,loan_to_income__x__owner_occupancy_name__owner_occupied_as_a_principa_895ecf,classification_v2,train_only_validation,supporting_analysis,train_only_validation,5786f0779b4e343fcd29642e2cb0c0ebe063722dcdfebf494a1463c542cbfe02,denial,"target_denied = 1 - loan_approved; favorable actions 1/2/8, denial actions 3/7",AP/MCC/accuracy/recall dimensionless; count fields rows; runtime seconds
loan_to_income__x__property_type_name__manufactured_housing_cc8f31,onehot_numeric,loan_to_income * 1[property_type_name=fitted_level],"[""loan_to_income"", ""property_type_name""]",0.006790127543277791,"{""loan_to_income"": 0.015665245864864064, ""property_type_name"": 0.005262692159767851}",0.9999226200906574,loan_amount_000s__x__property_type_name__manufactured_housing_cc8f31,True,kept: family selected by repeated train-only OOF; max_abs_spearman=0.9999,row-local or X-only train-fitted; no target,unseen category activates no fitted interaction,HMDA_pipeline_review/project/new new project/reports/generations/feature_v2/FEATURE_VALIDATION.csv,loan_to_income__x__property_type_name__manufactured_housing_cc8f31,classification_v2,train_only_validation,supporting_analysis,train_only_validation,5786f0779b4e343fcd29642e2cb0c0ebe063722dcdfebf494a1463c542cbfe02,denial,"target_denied = 1 - loan_approved; favorable actions 1/2/8, denial actions 3/7",AP/MCC/accuracy/recall dimensionless; count fields rows; runtime seconds
loan_to_income__x__property_type_name__one_to_four_family_dwelling__c18226,onehot_numeric,loan_to_income * 1[property_type_name=fitted_level],"[""loan_to_income"", ""property_type_name""]",0.0215834885214643,"{""loan_to_income"": 0.015665245864864064, ""property_type_name"": 0.005262692159767851}",0.975729243595387,loan_income_normalized_gap,True,kept: family selected by repeated train-only OOF; max_abs_spearman=0.9757,row-local or X-only train-fitted; no target,unseen category activates no fitted interaction,HMDA_pipeline_review/project/new new project/reports/generations/feature_v2/FEATURE_VALIDATION.csv,loan_to_income__x__property_type_name__one_to_four_family_dwelling__c18226,classification_v2,train_only_validation,supporting_analysis,train_only_validation,5786f0779b4e343fcd29642e2cb0c0ebe063722dcdfebf494a1463c542cbfe02,denial,"target_denied = 1 - loan_approved; favorable actions 1/2/8, denial actions 3/7",AP/MCC/accuracy/recall dimensionless; count fields rows; runtime seconds
agency_name__frequency,category_context,train_count(agency_name=level) / train_rows,"[""agency_name""]",0.006676835608585908,"{""agency_name"": 0.006676835608585908}",0.23988166940158392,lien_status_name__frequency,False,rejected: family did not win the predeclared repeated-OOF selection rule,row-local or X-only train-fitted; no target,global train median/IQR or zero support for unseen category,HMDA_pipeline_review/project/new new project/reports/generations/feature_v2/FEATURE_VALIDATION.csv,agency_name__frequency,classification_v2,train_only_validation,supporting_analysis,train_only_validation,5786f0779b4e343fcd29642e2cb0c0ebe063722dcdfebf494a1463c542cbfe02,denial,"target_denied = 1 - loan_approved; favorable actions 1/2/8, denial actions 3/7",AP/MCC/accuracy/recall dimensionless; count fields rows; runtime seconds
agency_name__rare_or_unseen,category_context,1[train_count(agency_name=level) < 500 or unseen],"[""agency_name""]",0.0,"{""agency_name"": 0.006676835608585908}",0.0,,False,rejected: family did not win the predeclared repeated-OOF selection rule,row-local or X-only train-fitted; no target,global train median/IQR or zero support for unseen category,HMDA_pipeline_review/project/new new project/reports/generations/feature_v2/FEATURE_VALIDATION.csv,agency_name__rare_or_unseen,classification_v2,train_only_validation,supporting_analysis,train_only_validation,5786f0779b4e343fcd29642e2cb0c0ebe063722dcdfebf494a1463c542cbfe02,denial,"target_denied = 1 - loan_approved; favorable actions 1/2/8, denial actions 3/7",AP/MCC/accuracy/recall dimensionless; count fields rows; runtime seconds
applicant_income_000s__by__loan_purpose_name__relative_median,category_context,(applicant_income_000s - train_median(applicant_income_000s|loan_purpose_name)) / abs(train_median(applicant_income_000s|loan_purpose_name)),"[""applicant_income_000s"", ""loan_purpose_name""]",0.04141430044638206,"{""applicant_income_000s"": 0.021327523352404176, ""loan_purpose_name"": 0.02408271070515766}",0.9995417663512656,applicant_income_000s__by__loan_purpose_name__robust_z,False,rejected: family did not win the predeclared repeated-OOF selection rule,row-local or X-only train-fitted; no target,global train median/IQR or zero support for unseen category,HMDA_pipeline_review/project/new new project/reports/generations/feature_v2/FEATURE_VALIDATION.csv,applicant_income_000s__by__loan_purpose_name__relative_median,classification_v2,train_only_validation,supporting_analysis,train_only_validation,5786f0779b4e343fcd29642e2cb0c0ebe063722dcdfebf494a1463c542cbfe02,denial,"target_denied = 1 - loan_approved; favorable actions 1/2/8, denial actions 3/7",AP/MCC/accuracy/recall dimensionless; count fields rows; runtime seconds
applicant_income_000s__by__loan_purpose_name__robust_z,category_context,(applicant_income_000s - train_median(applicant_income_000s|loan_purpose_name)) / train_IQR(applicant_income_000s|loan_purpose_name),"[""applicant_income_000s"", ""loan_purpose_name""]",0.040378070039507996,"{""applicant_income_000s"": 0.021327523352404176, ""loan_purpose_name"": 0.02408271070515766}",0.9995417663512656,applicant_income_000s__by__loan_purpose_name__relative_median,False,rejected: family did not win the predeclared repeated-OOF selection rule,row-local or X-only train-fitted; no target,global train median/IQR or zero support for unseen category,HMDA_pipeline_review/project/new new project/reports/generations/feature_v2/FEATURE_VALIDATION.csv,applicant_income_000s__by__loan_purpose_name__robust_z,classification_v2,train_only_validation,supporting_analysis,train_only_validation,5786f0779b4e343fcd29642e2cb0c0ebe063722dcdfebf494a1463c542cbfe02,denial,"target_denied = 1 - loan_approved; favorable actions 1/2/8, denial actions 3/7",AP/MCC/accuracy/recall dimensionless; count fields rows; runtime seconds
applicant_income_000s__by__owner_occupancy_name__relative_median,category_context,(applicant_income_000s - train_median(applicant_income_000s|owner_occupancy_name)) / abs(train_median(applicant_income_000s|owner_occupancy_name)),"[""applicant_income_000s"", ""owner_occupancy_name""]",0.023264040216539827,"{""applicant_income_000s"": 0.021327523352404176, ""owner_occupancy_name"": 4.910985425951326e-05}",0.9998006135588808,applicant_income_000s__by__owner_occupancy_name__robust_z,False,rejected: family did not win the predeclared repeated-OOF selection rule,row-local or X-only train-fitted; no target,global train median/IQR or zero support for unseen category,HMDA_pipeline_review/project/new new project/reports/generations/feature_v2/FEATURE_VALIDATION.csv,applicant_income_000s__by__owner_occupancy_name__relative_median,classification_v2,train_only_validation,supporting_analysis,train_only_validation,5786f0779b4e343fcd29642e2cb0c0ebe063722dcdfebf494a1463c542cbfe02,denial,"target_denied = 1 - loan_approved; favorable actions 1/2/8, denial actions 3/7",AP/MCC/accuracy/recall dimensionless; count fields rows; runtime seconds
applicant_income_000s__by__owner_occupancy_name__robust_z,category_context,(applicant_income_000s - train_median(applicant_income_000s|owner_occupancy_name)) / train_IQR(applicant_income_000s|owner_occupancy_name),"[""applicant_income_000s"", ""owner_occupancy_name""]",0.02278460194060994,"{""applicant_income_000s"": 0.021327523352404176, ""owner_occupancy_name"": 4.910985425951326e-05}",0.9998006135588808,applicant_income_000s__by__owner_occupancy_name__relative_median,False,rejected: family did not win the predeclared repeated-OOF selection rule,row-local or X-only train-fitted; no target,global train median/IQR or zero support for unseen category,HMDA_pipeline_review/project/new new project/reports/generations/feature_v2/FEATURE_VALIDATION.csv,applicant_income_000s__by__owner_occupancy_name__robust_z,classification_v2,train_only_validation,supporting_analysis,train_only_validation,5786f0779b4e343fcd29642e2cb0c0ebe063722dcdfebf494a1463c542cbfe02,denial,"target_denied = 1 - loan_approved; favorable actions 1/2/8, denial actions 3/7",AP/MCC/accuracy/recall dimensionless; count fields rows; runtime seconds
lien_status_name__frequency,category_context,train_count(lien_status_name=level) / train_rows,"[""lien_status_name""]",0.009613662401111396,"{""lien_status_name"": 0.009613662401111396}",0.6927045393949649,loan_amount_000s__x__lien_status_name__not_secured_by_a_lien_cb0133,False,rejected: family did not win the predeclared repeated-OOF selection rule,row-local or X-only train-fitted; no target,global train median/IQR or zero support for unseen category,HMDA_pipeline_review/project/new new project/reports/generations/feature_v2/FEATURE_VALIDATION.csv,lien_status_name__frequency,classification_v2,train_only_validation,supporting_analysis,train_only_validation,5786f0779b4e343fcd29642e2cb0c0ebe063722dcdfebf494a1463c542cbfe02,denial,"target_denied = 1 - loan_approved; favorable actions 1/2/8, denial actions 3/7",AP/MCC/accuracy/recall dimensionless; count fields rows; runtime seconds
lien_status_name__rare_or_unseen,category_context,1[train_count(lien_status_name=level) < 500 or unseen],"[""lien_status_name""]",0.0,"{""lien_status_name"": 0.009613662401111396}",0.0,,False,rejected: family did not win the predeclared repeated-OOF selection rule,row-local or X-only train-fitted; no target,global train median/IQR or zero support for unseen category,HMDA_pipeline_review/project/new new project/reports/generations/feature_v2/FEATURE_VALIDATION.csv,lien_status_name__rare_or_unseen,classification_v2,train_only_validation,supporting_analysis,train_only_validation,5786f0779b4e343fcd29642e2cb0c0ebe063722dcdfebf494a1463c542cbfe02,denial,"target_denied = 1 - loan_approved; favorable actions 1/2/8, denial actions 3/7",AP/MCC/accuracy/recall dimensionless; count fields rows; runtime seconds
loan_amount_000s__by__lien_status_name__relative_median,category_context,(loan_amount_000s - train_median(loan_amount_000s|lien_status_name)) / abs(train_median(loan_amount_000s|lien_status_name)),"[""loan_amount_000s"", ""lien_status_name""]",0.01844754942380944,"{""lien_status_name"": 0.009613662401111396, ""loan_amount_000s"": 0.0162846250304296}",0.9958015597207363,loan_amount_000s__by__lien_status_name__robust_z,False,rejected: family did not win the predeclared repeated-OOF selection rule,row-local or X-only train-fitted; no target,global train median/IQR or zero support for unseen category,HMDA_pipeline_review/project/new new project/reports/generations/feature_v2/FEATURE_VALIDATION.csv,loan_amount_000s__by__lien_status_name__relative_median,classification_v2,train_only_validation,supporting_analysis,train_only_validation,5786f0779b4e343fcd29642e2cb0c0ebe063722dcdfebf494a1463c542cbfe02,denial,"target_denied = 1 - loan_approved; favorable actions 1/2/8, denial actions 3/7",AP/MCC/accuracy/recall dimensionless; count fields rows; runtime seconds
loan_amount_000s__by__lien_status_name__robust_z,category_context,(loan_amount_000s - train_median(loan_amount_000s|lien_status_name)) / train_IQR(loan_amount_000s|lien_status_name),"[""loan_amount_000s"", ""lien_status_name""]",0.01844905737381808,"{""lien_status_name"": 0.009613662401111396, ""loan_amount_000s"": 0.0162846250304296}",0.9958015597207363,loan_amount_000s__by__lien_status_name__relative_median,False,rejected: family did not win the predeclared repeated-OOF selection rule,row-local or X-only train-fitted; no target,global train median/IQR or zero support for unseen category,HMDA_pipeline_review/project/new new project/reports/generations/feature_v2/FEATURE_VALIDATION.csv,loan_amount_000s__by__lien_status_name__robust_z,classification_v2,train_only_validation,supporting_analysis,train_only_validation,5786f0779b4e343fcd29642e2cb0c0ebe063722dcdfebf494a1463c542cbfe02,denial,"target_denied = 1 - loan_approved; favorable actions 1/2/8, denial actions 3/7",AP/MCC/accuracy/recall dimensionless; count fields rows; runtime seconds
loan_amount_000s__by__loan_purpose_name__relative_median,category_context,(loan_amount_000s - train_median(loan_amount_000s|loan_purpose_name)) / abs(train_median(loan_amount_000s|loan_purpose_name)),"[""loan_amount_000s"", ""loan_purpose_name""]",0.03527963198245021,"{""loan_amount_000s"": 0.0162846250304296, ""loan_purpose_name"": 0.02408271070515766}",0.9767849268781317,loan_amount_000s__by__loan_purpose_name__robust_z,False,rejected: family did not win the predeclared repeated-OOF selection rule,row-local or X-only train-fitted; no target,global train median/IQR or zero support for unseen category,HMDA_pipeline_review/project/new new project/reports/generations/feature_v2/FEATURE_VALIDATION.csv,loan_amount_000s__by__loan_purpose_name__relative_median,classification_v2,train_only_validation,supporting_analysis,train_only_validation,5786f0779b4e343fcd29642e2cb0c0ebe063722dcdfebf494a1463c542cbfe02,denial,"target_denied = 1 - loan_approved; favorable actions 1/2/8, denial actions 3/7",AP/MCC/accuracy/recall dimensionless; count fields rows; runtime seconds
loan_amount_000s__by__loan_purpose_name__robust_z,category_context,(loan_amount_000s - train_median(loan_amount_000s|loan_purpose_name)) / train_IQR(loan_amount_000s|loan_purpose_name),"[""loan_amount_000s"", ""loan_purpose_name""]",0.034900810374857816,"{""loan_amount_000s"": 0.0162846250304296, ""loan_purpose_name"": 0.02408271070515766}",0.9767849268781317,loan_amount_000s__by__loan_purpose_name__relative_median,False,rejected: family did not win the predeclared repeated-OOF selection rule,row-local or X-only train-fitted; no target,global train median/IQR or zero support for unseen category,HMDA_pipeline_review/project/new new project/reports/generations/feature_v2/FEATURE_VALIDATION.csv,loan_amount_000s__by__loan_purpose_name__robust_z,classification_v2,train_only_validation,supporting_analysis,train_only_validation,5786f0779b4e343fcd29642e2cb0c0ebe063722dcdfebf494a1463c542cbfe02,denial,"target_denied = 1 - loan_approved; favorable actions 1/2/8, denial actions 3/7",AP/MCC/accuracy/recall dimensionless; count fields rows; runtime seconds
loan_amount_000s__by__loan_type_name__relative_median,category_context,(loan_amount_000s - train_median(loan_amount_000s|loan_type_name)) / abs(train_median(loan_amount_000s|loan_type_name)),"[""loan_amount_000s"", ""loan_type_name""]",0.018013331619707307,"{""loan_amount_000s"": 0.0162846250304296, ""loan_type_name"": 0.00022088949329137492}",0.9923667598049444,sqrt_loan_amount_000s,False,rejected: family did not win the predeclared repeated-OOF selection rule,row-local or X-only train-fitted; no target,global train median/IQR or zero support for unseen category,HMDA_pipeline_review/project/new new project/reports/generations/feature_v2/FEATURE_VALIDATION.csv,loan_amount_000s__by__loan_type_name__relative_median,classification_v2,train_only_validation,supporting_analysis,train_only_validation,5786f0779b4e343fcd29642e2cb0c0ebe063722dcdfebf494a1463c542cbfe02,denial,"target_denied = 1 - loan_approved; favorable actions 1/2/8, denial actions 3/7",AP/MCC/accuracy/recall dimensionless; count fields rows; runtime seconds
loan_amount_000s__by__loan_type_name__robust_z,category_context,(loan_amount_000s - train_median(loan_amount_000s|loan_type_name)) / train_IQR(loan_amount_000s|loan_type_name),"[""loan_amount_000s"", ""loan_type_name""]",0.01928152137140704,"{""loan_amount_000s"": 0.0162846250304296, ""loan_type_name"": 0.00022088949329137492}",0.9903449002159007,loan_amount_000s__by__loan_type_name__relative_median,False,rejected: family did not win the predeclared repeated-OOF selection rule,row-local or X-only train-fitted; no target,global train median/IQR or zero support for unseen category,HMDA_pipeline_review/project/new new project/reports/generations/feature_v2/FEATURE_VALIDATION.csv,loan_amount_000s__by__loan_type_name__robust_z,classification_v2,train_only_validation,supporting_analysis,train_only_validation,5786f0779b4e343fcd29642e2cb0c0ebe063722dcdfebf494a1463c542cbfe02,denial,"target_denied = 1 - loan_approved; favorable actions 1/2/8, denial actions 3/7",AP/MCC/accuracy/recall dimensionless; count fields rows; runtime seconds
loan_amount_000s__by__preapproval_name__relative_median,category_context,(loan_amount_000s - train_median(loan_amount_000s|preapproval_name)) / abs(train_median(loan_amount_000s|preapproval_name)),"[""loan_amount_000s"", ""preapproval_name""]",0.023037973968524472,"{""loan_amount_000s"": 0.0162846250304296, ""preapproval_name"": 0.008147202780081754}",0.9974640383821877,loan_amount_000s__by__preapproval_name__robust_z,False,rejected: family did not win the predeclared repeated-OOF selection rule,row-local or X-only train-fitted; no target,global train median/IQR or zero support for unseen category,HMDA_pipeline_review/project/new new project/reports/generations/feature_v2/FEATURE_VALIDATION.csv,loan_amount_000s__by__preapproval_name__relative_median,classification_v2,train_only_validation,supporting_analysis,train_only_validation,5786f0779b4e343fcd29642e2cb0c0ebe063722dcdfebf494a1463c542cbfe02,denial,"target_denied = 1 - loan_approved; favorable actions 1/2/8, denial actions 3/7",AP/MCC/accuracy/recall dimensionless; count fields rows; runtime seconds
loan_amount_000s__by__preapproval_name__robust_z,category_context,(loan_amount_000s - train_median(loan_amount_000s|preapproval_name)) / train_IQR(loan_amount_000s|preapproval_name),"[""loan_amount_000s"", ""preapproval_name""]",0.02206057813903639,"{""loan_amount_000s"": 0.0162846250304296, ""preapproval_name"": 0.008147202780081754}",0.9974640383821877,loan_amount_000s__by__preapproval_name__relative_median,False,rejected: family did not win the predeclared repeated-OOF selection rule,row-local or X-only train-fitted; no target,global train median/IQR or zero support for unseen category,HMDA_pipeline_review/project/new new project/reports/generations/feature_v2/FEATURE_VALIDATION.csv,loan_amount_000s__by__preapproval_name__robust_z,classification_v2,train_only_validation,supporting_analysis,train_only_validation,5786f0779b4e343fcd29642e2cb0c0ebe063722dcdfebf494a1463c542cbfe02,denial,"target_denied = 1 - loan_approved; favorable actions 1/2/8, denial actions 3/7",AP/MCC/accuracy/recall dimensionless; count fields rows; runtime seconds
loan_amount_000s__by__property_type_name__relative_median,category_context,(loan_amount_000s - train_median(loan_amount_000s|property_type_name)) / abs(train_median(loan_amount_000s|property_type_name)),"[""loan_amount_000s"", ""property_type_name""]",0.016846251223402442,"{""loan_amount_000s"": 0.0162846250304296, ""property_type_name"": 0.005262692159767851}",0.9999818039210393,loan_amount_000s__by__property_type_name__robust_z,False,rejected: family did not win the predeclared repeated-OOF selection rule,row-local or X-only train-fitted; no target,global train median/IQR or zero support for unseen category,HMDA_pipeline_review/project/new new project/reports/generations/feature_v2/FEATURE_VALIDATION.csv,loan_amount_000s__by__property_type_name__relative_median,classification_v2,train_only_validation,supporting_analysis,train_only_validation,5786f0779b4e343fcd29642e2cb0c0ebe063722dcdfebf494a1463c542cbfe02,denial,"target_denied = 1 - loan_approved; favorable actions 1/2/8, denial actions 3/7",AP/MCC/accuracy/recall dimensionless; count fields rows; runtime seconds
loan_amount_000s__by__property_type_name__robust_z,category_context,(loan_amount_000s - train_median(loan_amount_000s|property_type_name)) / train_IQR(loan_amount_000s|property_type_name),"[""loan_amount_000s"", ""property_type_name""]",0.01571310980284024,"{""loan_amount_000s"": 0.0162846250304296, ""property_type_name"": 0.005262692159767851}",0.9999818039210393,loan_amount_000s__by__property_type_name__relative_median,False,rejected: family did not win the predeclared repeated-OOF selection rule,row-local or X-only train-fitted; no target,global train median/IQR or zero support for unseen category,HMDA_pipeline_review/project/new new project/reports/generations/feature_v2/FEATURE_VALIDATION.csv,loan_amount_000s__by__property_type_name__robust_z,classification_v2,train_only_validation,supporting_analysis,train_only_validation,5786f0779b4e343fcd29642e2cb0c0ebe063722dcdfebf494a1463c542cbfe02,denial,"target_denied = 1 - loan_approved; favorable actions 1/2/8, denial actions 3/7",AP/MCC/accuracy/recall dimensionless; count fields rows; runtime seconds
loan_purpose_name__frequency,category_context,train_count(loan_purpose_name=level) / train_rows,"[""loan_purpose_name""]",0.02408271070515766,"{""loan_purpose_name"": 0.02408271070515766}",0.8806814515431151,loan_amount_000s__x__loan_purpose_name__home_purchase_ea1236,False,rejected: family did not win the predeclared repeated-OOF selection rule,row-local or X-only train-fitted; no target,global train median/IQR or zero support for unseen category,HMDA_pipeline_review/project/new new project/reports/generations/feature_v2/FEATURE_VALIDATION.csv,loan_purpose_name__frequency,classification_v2,train_only_validation,supporting_analysis,train_only_validation,5786f0779b4e343fcd29642e2cb0c0ebe063722dcdfebf494a1463c542cbfe02,denial,"target_denied = 1 - loan_approved; favorable actions 1/2/8, denial actions 3/7",AP/MCC/accuracy/recall dimensionless; count fields rows; runtime seconds
loan_purpose_name__rare_or_unseen,category_context,1[train_count(loan_purpose_name=level) < 500 or unseen],"[""loan_purpose_name""]",0.0,"{""loan_purpose_name"": 0.02408271070515766}",0.0,,False,rejected: family did not win the predeclared repeated-OOF selection rule,row-local or X-only train-fitted; no target,global train median/IQR or zero support for unseen category,HMDA_pipeline_review/project/new new project/reports/generations/feature_v2/FEATURE_VALIDATION.csv,loan_purpose_name__rare_or_unseen,classification_v2,train_only_validation,supporting_analysis,train_only_validation,5786f0779b4e343fcd29642e2cb0c0ebe063722dcdfebf494a1463c542cbfe02,denial,"target_denied = 1 - loan_approved; favorable actions 1/2/8, denial actions 3/7",AP/MCC/accuracy/recall dimensionless; count fields rows; runtime seconds
loan_to_income__by__lien_status_name__relative_median,category_context,(loan_to_income - train_median(loan_to_income|lien_status_name)) / abs(train_median(loan_to_income|lien_status_name)),"[""loan_to_income"", ""lien_status_name""]",0.014335235951259628,"{""lien_status_name"": 0.009613662401111396, ""loan_to_income"": 0.015665245864864064}",0.9963877232469031,loan_to_income__by__lien_status_name__robust_z,False,rejected: family did not win the predeclared repeated-OOF selection rule,row-local or X-only train-fitted; no target,global train median/IQR or zero support for unseen category,HMDA_pipeline_review/project/new new project/reports/generations/feature_v2/FEATURE_VALIDATION.csv,loan_to_income__by__lien_status_name__relative_median,classification_v2,train_only_validation,supporting_analysis,train_only_validation,5786f0779b4e343fcd29642e2cb0c0ebe063722dcdfebf494a1463c542cbfe02,denial,"target_denied = 1 - loan_approved; favorable actions 1/2/8, denial actions 3/7",AP/MCC/accuracy/recall dimensionless; count fields rows; runtime seconds
loan_to_income__by__lien_status_name__robust_z,category_context,(loan_to_income - train_median(loan_to_income|lien_status_name)) / train_IQR(loan_to_income|lien_status_name),"[""loan_to_income"", ""lien_status_name""]",0.015588796396310833,"{""lien_status_name"": 0.009613662401111396, ""loan_to_income"": 0.015665245864864064}",0.9963877232469031,loan_to_income__by__lien_status_name__relative_median,False,rejected: family did not win the predeclared repeated-OOF selection rule,row-local or X-only train-fitted; no target,global train median/IQR or zero support for unseen category,HMDA_pipeline_review/project/new new project/reports/generations/feature_v2/FEATURE_VALIDATION.csv,loan_to_income__by__lien_status_name__robust_z,classification_v2,train_only_validation,supporting_analysis,train_only_validation,5786f0779b4e343fcd29642e2cb0c0ebe063722dcdfebf494a1463c542cbfe02,denial,"target_denied = 1 - loan_approved; favorable actions 1/2/8, denial actions 3/7",AP/MCC/accuracy/recall dimensionless; count fields rows; runtime seconds
loan_to_income__by__loan_purpose_name__relative_median,category_context,(loan_to_income - train_median(loan_to_income|loan_purpose_name)) / abs(train_median(loan_to_income|loan_purpose_name)),"[""loan_to_income"", ""loan_purpose_name""]",0.022332621503009076,"{""loan_purpose_name"": 0.02408271070515766, ""loan_to_income"": 0.015665245864864064}",0.9749801853731067,loan_to_income__by__loan_purpose_name__robust_z,False,rejected: family did not win the predeclared repeated-OOF selection rule,row-local or X-only train-fitted; no target,global train median/IQR or zero support for unseen category,HMDA_pipeline_review/project/new new project/reports/generations/feature_v2/FEATURE_VALIDATION.csv,loan_to_income__by__loan_purpose_name__relative_median,classification_v2,train_only_validation,supporting_analysis,train_only_validation,5786f0779b4e343fcd29642e2cb0c0ebe063722dcdfebf494a1463c542cbfe02,denial,"target_denied = 1 - loan_approved; favorable actions 1/2/8, denial actions 3/7",AP/MCC/accuracy/recall dimensionless; count fields rows; runtime seconds
loan_to_income__by__loan_purpose_name__robust_z,category_context,(loan_to_income - train_median(loan_to_income|loan_purpose_name)) / train_IQR(loan_to_income|loan_purpose_name),"[""loan_to_income"", ""loan_purpose_name""]",0.016152331646812623,"{""loan_purpose_name"": 0.02408271070515766, ""loan_to_income"": 0.015665245864864064}",0.9749801853731067,loan_to_income__by__loan_purpose_name__relative_median,False,rejected: family did not win the predeclared repeated-OOF selection rule,row-local or X-only train-fitted; no target,global train median/IQR or zero support for unseen category,HMDA_pipeline_review/project/new new project/reports/generations/feature_v2/FEATURE_VALIDATION.csv,loan_to_income__by__loan_purpose_name__robust_z,classification_v2,train_only_validation,supporting_analysis,train_only_validation,5786f0779b4e343fcd29642e2cb0c0ebe063722dcdfebf494a1463c542cbfe02,denial,"target_denied = 1 - loan_approved; favorable actions 1/2/8, denial actions 3/7",AP/MCC/accuracy/recall dimensionless; count fields rows; runtime seconds
loan_to_income__by__loan_type_name__relative_median,category_context,(loan_to_income - train_median(loan_to_income|loan_type_name)) / abs(train_median(loan_to_income|loan_type_name)),"[""loan_to_income"", ""loan_type_name""]",0.01525861953538965,"{""loan_to_income"": 0.015665245864864064, ""loan_type_name"": 0.00022088949329137492}",0.9915148974033077,loan_to_income__by__loan_type_name__robust_z,False,rejected: family did not win the predeclared repeated-OOF selection rule,row-local or X-only train-fitted; no target,global train median/IQR or zero support for unseen category,HMDA_pipeline_review/project/new new project/reports/generations/feature_v2/FEATURE_VALIDATION.csv,loan_to_income__by__loan_type_name__relative_median,classification_v2,train_only_validation,supporting_analysis,train_only_validation,5786f0779b4e343fcd29642e2cb0c0ebe063722dcdfebf494a1463c542cbfe02,denial,"target_denied = 1 - loan_approved; favorable actions 1/2/8, denial actions 3/7",AP/MCC/accuracy/recall dimensionless; count fields rows; runtime seconds
loan_to_income__by__loan_type_name__robust_z,category_context,(loan_to_income - train_median(loan_to_income|loan_type_name)) / train_IQR(loan_to_income|loan_type_name),"[""loan_to_income"", ""loan_type_name""]",0.018674599540410952,"{""loan_to_income"": 0.015665245864864064, ""loan_type_name"": 0.00022088949329137492}",0.9915148974033077,loan_to_income__by__loan_type_name__relative_median,False,rejected: family did not win the predeclared repeated-OOF selection rule,row-local or X-only train-fitted; no target,global train median/IQR or zero support for unseen category,HMDA_pipeline_review/project/new new project/reports/generations/feature_v2/FEATURE_VALIDATION.csv,loan_to_income__by__loan_type_name__robust_z,classification_v2,train_only_validation,supporting_analysis,train_only_validation,5786f0779b4e343fcd29642e2cb0c0ebe063722dcdfebf494a1463c542cbfe02,denial,"target_denied = 1 - loan_approved; favorable actions 1/2/8, denial actions 3/7",AP/MCC/accuracy/recall dimensionless; count fields rows; runtime seconds
loan_to_income__by__owner_occupancy_name__relative_median,category_context,(loan_to_income - train_median(loan_to_income|owner_occupancy_name)) / abs(train_median(loan_to_income|owner_occupancy_name)),"[""loan_to_income"", ""owner_occupancy_name""]",0.017721870728865774,"{""loan_to_income"": 0.015665245864864064, ""owner_occupancy_name"": 4.910985425951326e-05}",0.99868070100504,loan_to_income__by__owner_occupancy_name__robust_z,False,rejected: family did not win the predeclared repeated-OOF selection rule,row-local or X-only train-fitted; no target,global train median/IQR or zero support for unseen category,HMDA_pipeline_review/project/new new project/reports/generations/feature_v2/FEATURE_VALIDATION.csv,loan_to_income__by__owner_occupancy_name__relative_median,classification_v2,train_only_validation,supporting_analysis,train_only_validation,5786f0779b4e343fcd29642e2cb0c0ebe063722dcdfebf494a1463c542cbfe02,denial,"target_denied = 1 - loan_approved; favorable actions 1/2/8, denial actions 3/7",AP/MCC/accuracy/recall dimensionless; count fields rows; runtime seconds
loan_to_income__by__owner_occupancy_name__robust_z,category_context,(loan_to_income - train_median(loan_to_income|owner_occupancy_name)) / train_IQR(loan_to_income|owner_occupancy_name),"[""loan_to_income"", ""owner_occupancy_name""]",0.016794592352566307,"{""loan_to_income"": 0.015665245864864064, ""owner_occupancy_name"": 4.910985425951326e-05}",0.99868070100504,loan_to_income__by__owner_occupancy_name__relative_median,False,rejected: family did not win the predeclared repeated-OOF selection rule,row-local or X-only train-fitted; no target,global train median/IQR or zero support for unseen category,HMDA_pipeline_review/project/new new project/reports/generations/feature_v2/FEATURE_VALIDATION.csv,loan_to_income__by__owner_occupancy_name__robust_z,classification_v2,train_only_validation,supporting_analysis,train_only_validation,5786f0779b4e343fcd29642e2cb0c0ebe063722dcdfebf494a1463c542cbfe02,denial,"target_denied = 1 - loan_approved; favorable actions 1/2/8, denial actions 3/7",AP/MCC/accuracy/recall dimensionless; count fields rows; runtime seconds
loan_to_income__by__preapproval_name__relative_median,category_context,(loan_to_income - train_median(loan_to_income|preapproval_name)) / abs(train_median(loan_to_income|preapproval_name)),"[""loan_to_income"", ""preapproval_name""]",0.020268047833247982,"{""loan_to_income"": 0.015665245864864064, ""preapproval_name"": 0.008147202780081754}",0.9958333649223701,loan_to_income__by__preapproval_name__robust_z,False,rejected: family did not win the predeclared repeated-OOF selection rule,row-local or X-only train-fitted; no target,global train median/IQR or zero support for unseen category,HMDA_pipeline_review/project/new new project/reports/generations/feature_v2/FEATURE_VALIDATION.csv,loan_to_income__by__preapproval_name__relative_median,classification_v2,train_only_validation,supporting_analysis,train_only_validation,5786f0779b4e343fcd29642e2cb0c0ebe063722dcdfebf494a1463c542cbfe02,denial,"target_denied = 1 - loan_approved; favorable actions 1/2/8, denial actions 3/7",AP/MCC/accuracy/recall dimensionless; count fields rows; runtime seconds
loan_to_income__by__preapproval_name__robust_z,category_context,(loan_to_income - train_median(loan_to_income|preapproval_name)) / train_IQR(loan_to_income|preapproval_name),"[""loan_to_income"", ""preapproval_name""]",0.017899906324478687,"{""loan_to_income"": 0.015665245864864064, ""preapproval_name"": 0.008147202780081754}",0.9958333649223701,loan_to_income__by__preapproval_name__relative_median,False,rejected: family did not win the predeclared repeated-OOF selection rule,row-local or X-only train-fitted; no target,global train median/IQR or zero support for unseen category,HMDA_pipeline_review/project/new new project/reports/generations/feature_v2/FEATURE_VALIDATION.csv,loan_to_income__by__preapproval_name__robust_z,classification_v2,train_only_validation,supporting_analysis,train_only_validation,5786f0779b4e343fcd29642e2cb0c0ebe063722dcdfebf494a1463c542cbfe02,denial,"target_denied = 1 - loan_approved; favorable actions 1/2/8, denial actions 3/7",AP/MCC/accuracy/recall dimensionless; count fields rows; runtime seconds
loan_to_income__by__property_type_name__relative_median,category_context,(loan_to_income - train_median(loan_to_income|property_type_name)) / abs(train_median(loan_to_income|property_type_name)),"[""loan_to_income"", ""property_type_name""]",0.015800584360764036,"{""loan_to_income"": 0.015665245864864064, ""property_type_name"": 0.005262692159767851}",0.9992739298796847,loan_to_income__by__property_type_name__robust_z,False,rejected: family did not win the predeclared repeated-OOF selection rule,row-local or X-only train-fitted; no target,global train median/IQR or zero support for unseen category,HMDA_pipeline_review/project/new new project/reports/generations/feature_v2/FEATURE_VALIDATION.csv,loan_to_income__by__property_type_name__relative_median,classification_v2,train_only_validation,supporting_analysis,train_only_validation,5786f0779b4e343fcd29642e2cb0c0ebe063722dcdfebf494a1463c542cbfe02,denial,"target_denied = 1 - loan_approved; favorable actions 1/2/8, denial actions 3/7",AP/MCC/accuracy/recall dimensionless; count fields rows; runtime seconds
loan_to_income__by__property_type_name__robust_z,category_context,(loan_to_income - train_median(loan_to_income|property_type_name)) / train_IQR(loan_to_income|property_type_name),"[""loan_to_income"", ""property_type_name""]",0.015395996532669765,"{""loan_to_income"": 0.015665245864864064, ""property_type_name"": 0.005262692159767851}",0.9992739298796847,loan_to_income__by__property_type_name__relative_median,False,rejected: family did not win the predeclared repeated-OOF selection rule,row-local or X-only train-fitted; no target,global train median/IQR or zero support for unseen category,HMDA_pipeline_review/project/new new project/reports/generations/feature_v2/FEATURE_VALIDATION.csv,loan_to_income__by__property_type_name__robust_z,classification_v2,train_only_validation,supporting_analysis,train_only_validation,5786f0779b4e343fcd29642e2cb0c0ebe063722dcdfebf494a1463c542cbfe02,denial,"target_denied = 1 - loan_approved; favorable actions 1/2/8, denial actions 3/7",AP/MCC/accuracy/recall dimensionless; count fields rows; runtime seconds
loan_type_name__frequency,category_context,train_count(loan_type_name=level) / train_rows,"[""loan_type_name""]",0.00022088949329137492,"{""loan_type_name"": 0.00022088949329137492}",0.756330516794049,loan_amount_000s__x__loan_type_name__conventional_7b2d03,False,rejected: family did not win the predeclared repeated-OOF selection rule,row-local or X-only train-fitted; no target,global train median/IQR or zero support for unseen category,HMDA_pipeline_review/project/new new project/reports/generations/feature_v2/FEATURE_VALIDATION.csv,loan_type_name__frequency,classification_v2,train_only_validation,supporting_analysis,train_only_validation,5786f0779b4e343fcd29642e2cb0c0ebe063722dcdfebf494a1463c542cbfe02,denial,"target_denied = 1 - loan_approved; favorable actions 1/2/8, denial actions 3/7",AP/MCC/accuracy/recall dimensionless; count fields rows; runtime seconds
loan_type_name__rare_or_unseen,category_context,1[train_count(loan_type_name=level) < 500 or unseen],"[""loan_type_name""]",0.00016549139749243852,"{""loan_type_name"": 0.00022088949329137492}",0.9999596007501351,loan_amount_000s__x__loan_type_name__fsa_rhs_guaranteed_b0f5a3,False,rejected: family did not win the predeclared repeated-OOF selection rule,row-local or X-only train-fitted; no target,global train median/IQR or zero support for unseen category,HMDA_pipeline_review/project/new new project/reports/generations/feature_v2/FEATURE_VALIDATION.csv,loan_type_name__rare_or_unseen,classification_v2,train_only_validation,supporting_analysis,train_only_validation,5786f0779b4e343fcd29642e2cb0c0ebe063722dcdfebf494a1463c542cbfe02,denial,"target_denied = 1 - loan_approved; favorable actions 1/2/8, denial actions 3/7",AP/MCC/accuracy/recall dimensionless; count fields rows; runtime seconds
owner_occupancy_name__frequency,category_context,train_count(owner_occupancy_name=level) / train_rows,"[""owner_occupancy_name""]",4.910985425951326e-05,"{""owner_occupancy_name"": 4.910985425951326e-05}",0.9945382901090628,applicant_income_000s__x__owner_occupancy_name__not_owner_occupied_as_a_prin_0d60a2,False,rejected: family did not win the predeclared repeated-OOF selection rule,row-local or X-only train-fitted; no target,global train median/IQR or zero support for unseen category,HMDA_pipeline_review/project/new new project/reports/generations/feature_v2/FEATURE_VALIDATION.csv,owner_occupancy_name__frequency,classification_v2,train_only_validation,supporting_analysis,train_only_validation,5786f0779b4e343fcd29642e2cb0c0ebe063722dcdfebf494a1463c542cbfe02,denial,"target_denied = 1 - loan_approved; favorable actions 1/2/8, denial actions 3/7",AP/MCC/accuracy/recall dimensionless; count fields rows; runtime seconds
owner_occupancy_name__rare_or_unseen,category_context,1[train_count(owner_occupancy_name=level) < 500 or unseen],"[""owner_occupancy_name""]",4.493904344004835e-05,"{""owner_occupancy_name"": 4.910985425951326e-05}",0.9999999499724886,applicant_income_000s__x__owner_occupancy_name__not_applicable_67c4d0,False,rejected: family did not win the predeclared repeated-OOF selection rule,row-local or X-only train-fitted; no target,global train median/IQR or zero support for unseen category,HMDA_pipeline_review/project/new new project/reports/generations/feature_v2/FEATURE_VALIDATION.csv,owner_occupancy_name__rare_or_unseen,classification_v2,train_only_validation,supporting_analysis,train_only_validation,5786f0779b4e343fcd29642e2cb0c0ebe063722dcdfebf494a1463c542cbfe02,denial,"target_denied = 1 - loan_approved; favorable actions 1/2/8, denial actions 3/7",AP/MCC/accuracy/recall dimensionless; count fields rows; runtime seconds
preapproval_name__frequency,category_context,train_count(preapproval_name=level) / train_rows,"[""preapproval_name""]",0.008147202780081755,"{""preapproval_name"": 0.008147202780081754}",0.8615749108981072,loan_amount_000s__x__preapproval_name__preapproval_was_not_requeste_d75e78,False,rejected: family did not win the predeclared repeated-OOF selection rule,row-local or X-only train-fitted; no target,global train median/IQR or zero support for unseen category,HMDA_pipeline_review/project/new new project/reports/generations/feature_v2/FEATURE_VALIDATION.csv,preapproval_name__frequency,classification_v2,train_only_validation,supporting_analysis,train_only_validation,5786f0779b4e343fcd29642e2cb0c0ebe063722dcdfebf494a1463c542cbfe02,denial,"target_denied = 1 - loan_approved; favorable actions 1/2/8, denial actions 3/7",AP/MCC/accuracy/recall dimensionless; count fields rows; runtime seconds
preapproval_name__rare_or_unseen,category_context,1[train_count(preapproval_name=level) < 500 or unseen],"[""preapproval_name""]",0.0,"{""preapproval_name"": 0.008147202780081754}",0.0,,False,rejected: family did not win the predeclared repeated-OOF selection rule,row-local or X-only train-fitted; no target,global train median/IQR or zero support for unseen category,HMDA_pipeline_review/project/new new project/reports/generations/feature_v2/FEATURE_VALIDATION.csv,preapproval_name__rare_or_unseen,classification_v2,train_only_validation,supporting_analysis,train_only_validation,5786f0779b4e343fcd29642e2cb0c0ebe063722dcdfebf494a1463c542cbfe02,denial,"target_denied = 1 - loan_approved; favorable actions 1/2/8, denial actions 3/7",AP/MCC/accuracy/recall dimensionless; count fields rows; runtime seconds
property_type_name__frequency,category_context,train_count(property_type_name=level) / train_rows,"[""property_type_name""]",0.005262692159767851,"{""property_type_name"": 0.005262692159767851}",0.9998577105932336,loan_amount_000s__x__property_type_name__manufactured_housing_cc8f31,False,rejected: family did not win the predeclared repeated-OOF selection rule,row-local or X-only train-fitted; no target,global train median/IQR or zero support for unseen category,HMDA_pipeline_review/project/new new project/reports/generations/feature_v2/FEATURE_VALIDATION.csv,property_type_name__frequency,classification_v2,train_only_validation,supporting_analysis,train_only_validation,5786f0779b4e343fcd29642e2cb0c0ebe063722dcdfebf494a1463c542cbfe02,denial,"target_denied = 1 - loan_approved; favorable actions 1/2/8, denial actions 3/7",AP/MCC/accuracy/recall dimensionless; count fields rows; runtime seconds
property_type_name__rare_or_unseen,category_context,1[train_count(property_type_name=level) < 500 or unseen],"[""property_type_name""]",0.0,"{""property_type_name"": 0.005262692159767851}",0.0,,False,rejected: family did not win the predeclared repeated-OOF selection rule,row-local or X-only train-fitted; no target,global train median/IQR or zero support for unseen category,HMDA_pipeline_review/project/new new project/reports/generations/feature_v2/FEATURE_VALIDATION.csv,property_type_name__rare_or_unseen,classification_v2,train_only_validation,supporting_analysis,train_only_validation,5786f0779b4e343fcd29642e2cb0c0ebe063722dcdfebf494a1463c542cbfe02,denial,"target_denied = 1 - loan_approved; favorable actions 1/2/8, denial actions 3/7",AP/MCC/accuracy/recall dimensionless; count fields rows; runtime seconds
applicant_income_000s__robust_z,nonlinear,(applicant_income_000s - train_median) / train_IQR,"[""applicant_income_000s""]",0.02132530113018194,"{""applicant_income_000s"": 0.021327523352404176}",1.0,sqrt_applicant_income_000s,False,rejected: family did not win the predeclared repeated-OOF selection rule,row-local or X-only train-fitted; no target,safe NaN followed by train-median imputation,HMDA_pipeline_review/project/new new project/reports/generations/feature_v2/FEATURE_VALIDATION.csv,applicant_income_000s__robust_z,classification_v2,train_only_validation,supporting_analysis,train_only_validation,5786f0779b4e343fcd29642e2cb0c0ebe063722dcdfebf494a1463c542cbfe02,denial,"target_denied = 1 - loan_approved; favorable actions 1/2/8, denial actions 3/7",AP/MCC/accuracy/recall dimensionless; count fields rows; runtime seconds
applicant_income_below_area,nonlinear,1[applicant_income_000s < area_median_income_000s],"[""applicant_income_000s"", ""hud_median_family_income""]",0.009735512096264637,"{""applicant_income_000s"": 0.021327523352404176, ""hud_median_family_income"": 0.022073281583122384}",0.8532248708509452,applicant_minus_area_income_000s,False,rejected: family did not win the predeclared repeated-OOF selection rule,row-local or X-only train-fitted; no target,safe NaN followed by train-median imputation,HMDA_pipeline_review/project/new new project/reports/generations/feature_v2/FEATURE_VALIDATION.csv,applicant_income_below_area,classification_v2,train_only_validation,supporting_analysis,train_only_validation,5786f0779b4e343fcd29642e2cb0c0ebe063722dcdfebf494a1463c542cbfe02,denial,"target_denied = 1 - loan_approved; favorable actions 1/2/8, denial actions 3/7",AP/MCC/accuracy/recall dimensionless; count fields rows; runtime seconds
applicant_income_to_area_median__robust_z,nonlinear,(applicant_income_to_area_median - train_median) / train_IQR,"[""applicant_income_to_area_median""]",0.027830239759688347,"{""applicant_income_to_area_median"": 0.027830239759688347}",0.99999999962125,log1p_applicant_income_to_area_median,False,rejected: family did not win the predeclared repeated-OOF selection rule,row-local or X-only train-fitted; no target,safe NaN followed by train-median imputation,HMDA_pipeline_review/project/new new project/reports/generations/feature_v2/FEATURE_VALIDATION.csv,applicant_income_to_area_median__robust_z,classification_v2,train_only_validation,supporting_analysis,train_only_validation,5786f0779b4e343fcd29642e2cb0c0ebe063722dcdfebf494a1463c542cbfe02,denial,"target_denied = 1 - loan_approved; favorable actions 1/2/8, denial actions 3/7",AP/MCC/accuracy/recall dimensionless; count fields rows; runtime seconds
high_lti_low_tract_income,nonlinear,1[loan_to_income > 2 and tract_to_msamd_income_ratio < 1],"[""loan_to_income"", ""tract_to_msamd_income_ratio""]",0.0002135969366762469,"{""loan_to_income"": 0.015665245864864064, ""tract_to_msamd_income_ratio"": 0.019507387340389704}",0.6882942247802066,tract_income_below_msa,False,rejected: family did not win the predeclared repeated-OOF selection rule,row-local or X-only train-fitted; no target,safe NaN followed by train-median imputation,HMDA_pipeline_review/project/new new project/reports/generations/feature_v2/FEATURE_VALIDATION.csv,high_lti_low_tract_income,classification_v2,train_only_validation,supporting_analysis,train_only_validation,5786f0779b4e343fcd29642e2cb0c0ebe063722dcdfebf494a1463c542cbfe02,denial,"target_denied = 1 - loan_approved; favorable actions 1/2/8, denial actions 3/7",AP/MCC/accuracy/recall dimensionless; count fields rows; runtime seconds
loan_amount_000s__robust_z,nonlinear,(loan_amount_000s - train_median) / train_IQR,"[""loan_amount_000s""]",0.0162846250304296,"{""loan_amount_000s"": 0.0162846250304296}",1.0,sqrt_loan_amount_000s,False,rejected: family did not win the predeclared repeated-OOF selection rule,row-local or X-only train-fitted; no target,safe NaN followed by train-median imputation,HMDA_pipeline_review/project/new new project/reports/generations/feature_v2/FEATURE_VALIDATION.csv,loan_amount_000s__robust_z,classification_v2,train_only_validation,supporting_analysis,train_only_validation,5786f0779b4e343fcd29642e2cb0c0ebe063722dcdfebf494a1463c542cbfe02,denial,"target_denied = 1 - loan_approved; favorable actions 1/2/8, denial actions 3/7",AP/MCC/accuracy/recall dimensionless; count fields rows; runtime seconds
loan_to_income__robust_z,nonlinear,(loan_to_income - train_median) / train_IQR,"[""loan_to_income""]",0.015665245864864064,"{""loan_to_income"": 0.015665245864864064}",1.0,loan_share_of_loan_plus_income,False,rejected: family did not win the predeclared repeated-OOF selection rule,row-local or X-only train-fitted; no target,safe NaN followed by train-median imputation,HMDA_pipeline_review/project/new new project/reports/generations/feature_v2/FEATURE_VALIDATION.csv,loan_to_income__robust_z,classification_v2,train_only_validation,supporting_analysis,train_only_validation,5786f0779b4e343fcd29642e2cb0c0ebe063722dcdfebf494a1463c542cbfe02,denial,"target_denied = 1 - loan_approved; favorable actions 1/2/8, denial actions 3/7",AP/MCC/accuracy/recall dimensionless; count fields rows; runtime seconds
loan_to_income_gt_2,nonlinear,1[loan_to_income > 2],"[""loan_to_income""]",0.0014736958276406198,"{""loan_to_income"": 0.015665245864864064}",0.8431951267532672,loan_share_of_loan_plus_income,False,rejected: family did not win the predeclared repeated-OOF selection rule,row-local or X-only train-fitted; no target,safe NaN followed by train-median imputation,HMDA_pipeline_review/project/new new project/reports/generations/feature_v2/FEATURE_VALIDATION.csv,loan_to_income_gt_2,classification_v2,train_only_validation,supporting_analysis,train_only_validation,5786f0779b4e343fcd29642e2cb0c0ebe063722dcdfebf494a1463c542cbfe02,denial,"target_denied = 1 - loan_approved; favorable actions 1/2/8, denial actions 3/7",AP/MCC/accuracy/recall dimensionless; count fields rows; runtime seconds
loan_to_income_gt_3,nonlinear,1[loan_to_income > 3],"[""loan_to_income""]",0.00012002505276340059,"{""loan_to_income"": 0.015665245864864064}",0.8201360478064263,loan_share_of_loan_plus_income,False,rejected: family did not win the predeclared repeated-OOF selection rule,row-local or X-only train-fitted; no target,safe NaN followed by train-median imputation,HMDA_pipeline_review/project/new new project/reports/generations/feature_v2/FEATURE_VALIDATION.csv,loan_to_income_gt_3,classification_v2,train_only_validation,supporting_analysis,train_only_validation,5786f0779b4e343fcd29642e2cb0c0ebe063722dcdfebf494a1463c542cbfe02,denial,"target_denied = 1 - loan_approved; favorable actions 1/2/8, denial actions 3/7",AP/MCC/accuracy/recall dimensionless; count fields rows; runtime seconds
log1p_applicant_income_to_area_median,nonlinear,log1p(applicant_income_to_area_median),"[""applicant_income_to_area_median""]",0.027823736125489384,"{""applicant_income_to_area_median"": 0.027830239759688347}",0.99999999962125,applicant_income_to_area_median__robust_z,False,rejected: family did not win the predeclared repeated-OOF selection rule,row-local or X-only train-fitted; no target,safe NaN followed by train-median imputation,HMDA_pipeline_review/project/new new project/reports/generations/feature_v2/FEATURE_VALIDATION.csv,log1p_applicant_income_to_area_median,classification_v2,train_only_validation,supporting_analysis,train_only_validation,5786f0779b4e343fcd29642e2cb0c0ebe063722dcdfebf494a1463c542cbfe02,denial,"target_denied = 1 - loan_approved; favorable actions 1/2/8, denial actions 3/7",AP/MCC/accuracy/recall dimensionless; count fields rows; runtime seconds
log1p_loan_to_income,nonlinear,log1p(loan_to_income),"[""loan_to_income""]",0.01560602901181829,"{""loan_to_income"": 0.015665245864864064}",1.0,loan_share_of_loan_plus_income,False,rejected: family did not win the predeclared repeated-OOF selection rule,row-local or X-only train-fitted; no target,safe NaN followed by train-median imputation,HMDA_pipeline_review/project/new new project/reports/generations/feature_v2/FEATURE_VALIDATION.csv,log1p_loan_to_income,classification_v2,train_only_validation,supporting_analysis,train_only_validation,5786f0779b4e343fcd29642e2cb0c0ebe063722dcdfebf494a1463c542cbfe02,denial,"target_denied = 1 - loan_approved; favorable actions 1/2/8, denial actions 3/7",AP/MCC/accuracy/recall dimensionless; count fields rows; runtime seconds
sqrt_applicant_income_000s,nonlinear,sqrt(applicant_income_000s),"[""applicant_income_000s""]",0.021395951426722792,"{""applicant_income_000s"": 0.021327523352404176}",1.0,applicant_income_000s__robust_z,False,rejected: family did not win the predeclared repeated-OOF selection rule,row-local or X-only train-fitted; no target,safe NaN followed by train-median imputation,HMDA_pipeline_review/project/new new project/reports/generations/feature_v2/FEATURE_VALIDATION.csv,sqrt_applicant_income_000s,classification_v2,train_only_validation,supporting_analysis,train_only_validation,5786f0779b4e343fcd29642e2cb0c0ebe063722dcdfebf494a1463c542cbfe02,denial,"target_denied = 1 - loan_approved; favorable actions 1/2/8, denial actions 3/7",AP/MCC/accuracy/recall dimensionless; count fields rows; runtime seconds
sqrt_loan_amount_000s,nonlinear,sqrt(loan_amount_000s),"[""loan_amount_000s""]",0.016160356077295157,"{""loan_amount_000s"": 0.0162846250304296}",1.0,loan_amount_000s__robust_z,False,rejected: family did not win the predeclared repeated-OOF selection rule,row-local or X-only train-fitted; no target,safe NaN followed by train-median imputation,HMDA_pipeline_review/project/new new project/reports/generations/feature_v2/FEATURE_VALIDATION.csv,sqrt_loan_amount_000s,classification_v2,train_only_validation,supporting_analysis,train_only_validation,5786f0779b4e343fcd29642e2cb0c0ebe063722dcdfebf494a1463c542cbfe02,denial,"target_denied = 1 - loan_approved; favorable actions 1/2/8, denial actions 3/7",AP/MCC/accuracy/recall dimensionless; count fields rows; runtime seconds
tract_income_below_msa,nonlinear,1[tract_to_msamd_income_ratio < 1],"[""tract_to_msamd_income_ratio""]",0.0036480573378688264,"{""tract_to_msamd_income_ratio"": 0.019507387340389704}",0.838837658317301,tract_to_msamd_income_ratio__robust_z,False,rejected: family did not win the predeclared repeated-OOF selection rule,row-local or X-only train-fitted; no target,safe NaN followed by train-median imputation,HMDA_pipeline_review/project/new new project/reports/generations/feature_v2/FEATURE_VALIDATION.csv,tract_income_below_msa,classification_v2,train_only_validation,supporting_analysis,train_only_validation,5786f0779b4e343fcd29642e2cb0c0ebe063722dcdfebf494a1463c542cbfe02,denial,"target_denied = 1 - loan_approved; favorable actions 1/2/8, denial actions 3/7",AP/MCC/accuracy/recall dimensionless; count fields rows; runtime seconds
tract_income_ratio_abs_deviation,nonlinear,abs(tract_to_msamd_income_ratio - 1),"[""tract_to_msamd_income_ratio""]",0.012530417038901343,"{""tract_to_msamd_income_ratio"": 0.019507387340389704}",0.49049532356329634,tract_to_msamd_income_ratio__robust_z,False,rejected: family did not win the predeclared repeated-OOF selection rule,row-local or X-only train-fitted; no target,safe NaN followed by train-median imputation,HMDA_pipeline_review/project/new new project/reports/generations/feature_v2/FEATURE_VALIDATION.csv,tract_income_ratio_abs_deviation,classification_v2,train_only_validation,supporting_analysis,train_only_validation,5786f0779b4e343fcd29642e2cb0c0ebe063722dcdfebf494a1463c542cbfe02,denial,"target_denied = 1 - loan_approved; favorable actions 1/2/8, denial actions 3/7",AP/MCC/accuracy/recall dimensionless; count fields rows; runtime seconds
tract_to_msamd_income_ratio__robust_z,nonlinear,(tract_to_msamd_income_ratio - train_median) / train_IQR,"[""tract_to_msamd_income_ratio""]",0.019507387340389704,"{""tract_to_msamd_income_ratio"": 0.019507387340389704}",0.9919823192150842,tract_minus_area_income_000s,False,rejected: family did not win the predeclared repeated-OOF selection rule,row-local or X-only train-fitted; no target,safe NaN followed by train-median imputation,HMDA_pipeline_review/project/new new project/reports/generations/feature_v2/FEATURE_VALIDATION.csv,tract_to_msamd_income_ratio__robust_z,classification_v2,train_only_validation,supporting_analysis,train_only_validation,5786f0779b4e343fcd29642e2cb0c0ebe063722dcdfebf494a1463c542cbfe02,denial,"target_denied = 1 - loan_approved; favorable actions 1/2/8, denial actions 3/7",AP/MCC/accuracy/recall dimensionless; count fields rows; runtime seconds
abs_loan_minus_income_000s,numeric_relative,abs(loan_amount_000s - applicant_income_000s),"[""loan_amount_000s"", ""applicant_income_000s""]",0.0072619355255545415,"{""applicant_income_000s"": 0.021327523352404176, ""loan_amount_000s"": 0.0162846250304296}",0.8735082422613281,loan_minus_income_000s,False,rejected: family did not win the predeclared repeated-OOF selection rule,row-local or X-only train-fitted; no target,safe NaN followed by train-median imputation,HMDA_pipeline_review/project/new new project/reports/generations/feature_v2/FEATURE_VALIDATION.csv,abs_loan_minus_income_000s,classification_v2,train_only_validation,supporting_analysis,train_only_validation,5786f0779b4e343fcd29642e2cb0c0ebe063722dcdfebf494a1463c542cbfe02,denial,"target_denied = 1 - loan_approved; favorable actions 1/2/8, denial actions 3/7",AP/MCC/accuracy/recall dimensionless; count fields rows; runtime seconds
applicant_income_to_tract_income,numeric_relative,applicant_income_000s / tract_implied_income_000s,"[""applicant_income_000s"", ""hud_median_family_income"", ""tract_to_msamd_income_ratio""]",0.011684735732910623,"{""applicant_income_000s"": 0.021327523352404176, ""hud_median_family_income"": 0.022073281583122384, ""tract_to_msamd_income_ratio"": 0.019507387340389704}",0.9773824661235657,applicant_minus_tract_income_000s,False,rejected: family did not win the predeclared repeated-OOF selection rule,row-local or X-only train-fitted; no target,safe NaN followed by train-median imputation,HMDA_pipeline_review/project/new new project/reports/generations/feature_v2/FEATURE_VALIDATION.csv,applicant_income_to_tract_income,classification_v2,train_only_validation,supporting_analysis,train_only_validation,5786f0779b4e343fcd29642e2cb0c0ebe063722dcdfebf494a1463c542cbfe02,denial,"target_denied = 1 - loan_approved; favorable actions 1/2/8, denial actions 3/7",AP/MCC/accuracy/recall dimensionless; count fields rows; runtime seconds
applicant_minus_area_income_000s,numeric_relative,applicant_income_000s - area_median_income_000s,"[""applicant_income_000s"", ""hud_median_family_income""]",0.01979658357279046,"{""applicant_income_000s"": 0.021327523352404176, ""hud_median_family_income"": 0.022073281583122384}",0.9925217117604263,applicant_income_to_area_median__robust_z,False,rejected: family did not win the predeclared repeated-OOF selection rule,row-local or X-only train-fitted; no target,safe NaN followed by train-median imputation,HMDA_pipeline_review/project/new new project/reports/generations/feature_v2/FEATURE_VALIDATION.csv,applicant_minus_area_income_000s,classification_v2,train_only_validation,supporting_analysis,train_only_validation,5786f0779b4e343fcd29642e2cb0c0ebe063722dcdfebf494a1463c542cbfe02,denial,"target_denied = 1 - loan_approved; favorable actions 1/2/8, denial actions 3/7",AP/MCC/accuracy/recall dimensionless; count fields rows; runtime seconds
applicant_minus_tract_income_000s,numeric_relative,applicant_income_000s - tract_implied_income_000s,"[""applicant_income_000s"", ""hud_median_family_income"", ""tract_to_msamd_income_ratio""]",0.004928634078978034,"{""applicant_income_000s"": 0.021327523352404176, ""hud_median_family_income"": 0.022073281583122384, ""tract_to_msamd_income_ratio"": 0.019507387340389704}",0.9773824661235657,applicant_income_to_tract_income,False,rejected: family did not win the predeclared repeated-OOF selection rule,row-local or X-only train-fitted; no target,safe NaN followed by train-median imputation,HMDA_pipeline_review/project/new new project/reports/generations/feature_v2/FEATURE_VALIDATION.csv,applicant_minus_tract_income_000s,classification_v2,train_only_validation,supporting_analysis,train_only_validation,5786f0779b4e343fcd29642e2cb0c0ebe063722dcdfebf494a1463c542cbfe02,denial,"target_denied = 1 - loan_approved; favorable actions 1/2/8, denial actions 3/7",AP/MCC/accuracy/recall dimensionless; count fields rows; runtime seconds
loan_income_normalized_gap,numeric_relative,(loan - income) / (abs(loan) + abs(income) + eps),"[""loan_amount_000s"", ""applicant_income_000s""]",0.015382043267974987,"{""applicant_income_000s"": 0.021327523352404176, ""loan_amount_000s"": 0.0162846250304296}",0.999999845767361,loan_share_of_loan_plus_income,False,rejected: family did not win the predeclared repeated-OOF selection rule,row-local or X-only train-fitted; no target,safe NaN followed by train-median imputation,HMDA_pipeline_review/project/new new project/reports/generations/feature_v2/FEATURE_VALIDATION.csv,loan_income_normalized_gap,classification_v2,train_only_validation,supporting_analysis,train_only_validation,5786f0779b4e343fcd29642e2cb0c0ebe063722dcdfebf494a1463c542cbfe02,denial,"target_denied = 1 - loan_approved; favorable actions 1/2/8, denial actions 3/7",AP/MCC/accuracy/recall dimensionless; count fields rows; runtime seconds
loan_minus_income_000s,numeric_relative,loan_amount_000s - applicant_income_000s,"[""loan_amount_000s"", ""applicant_income_000s""]",0.007384240614331183,"{""applicant_income_000s"": 0.021327523352404176, ""loan_amount_000s"": 0.0162846250304296}",0.8735082422613281,abs_loan_minus_income_000s,False,rejected: family did not win the predeclared repeated-OOF selection rule,row-local or X-only train-fitted; no target,safe NaN followed by train-median imputation,HMDA_pipeline_review/project/new new project/reports/generations/feature_v2/FEATURE_VALIDATION.csv,loan_minus_income_000s,classification_v2,train_only_validation,supporting_analysis,train_only_validation,5786f0779b4e343fcd29642e2cb0c0ebe063722dcdfebf494a1463c542cbfe02,denial,"target_denied = 1 - loan_approved; favorable actions 1/2/8, denial actions 3/7",AP/MCC/accuracy/recall dimensionless; count fields rows; runtime seconds
loan_share_of_loan_plus_income,numeric_relative,loan / (loan + income),"[""loan_amount_000s"", ""applicant_income_000s""]",0.015583069672587158,"{""applicant_income_000s"": 0.021327523352404176, ""loan_amount_000s"": 0.0162846250304296}",1.0,log1p_loan_to_income,False,rejected: family did not win the predeclared repeated-OOF selection rule,row-local or X-only train-fitted; no target,safe NaN followed by train-median imputation,HMDA_pipeline_review/project/new new project/reports/generations/feature_v2/FEATURE_VALIDATION.csv,loan_share_of_loan_plus_income,classification_v2,train_only_validation,supporting_analysis,train_only_validation,5786f0779b4e343fcd29642e2cb0c0ebe063722dcdfebf494a1463c542cbfe02,denial,"target_denied = 1 - loan_approved; favorable actions 1/2/8, denial actions 3/7",AP/MCC/accuracy/recall dimensionless; count fields rows; runtime seconds
loan_to_area_median,numeric_relative,loan_amount_000s / (hud_median_family_income / 1000),"[""loan_amount_000s"", ""hud_median_family_income""]",0.023411468889290576,"{""hud_median_family_income"": 0.022073281583122384, ""loan_amount_000s"": 0.0162846250304296}",0.9501861938144643,sqrt_loan_amount_000s,False,rejected: family did not win the predeclared repeated-OOF selection rule,row-local or X-only train-fitted; no target,safe NaN followed by train-median imputation,HMDA_pipeline_review/project/new new project/reports/generations/feature_v2/FEATURE_VALIDATION.csv,loan_to_area_median,classification_v2,train_only_validation,supporting_analysis,train_only_validation,5786f0779b4e343fcd29642e2cb0c0ebe063722dcdfebf494a1463c542cbfe02,denial,"target_denied = 1 - loan_approved; favorable actions 1/2/8, denial actions 3/7",AP/MCC/accuracy/recall dimensionless; count fields rows; runtime seconds
loan_to_tract_income,numeric_relative,loan_amount_000s / tract_implied_income_000s,"[""loan_amount_000s"", ""hud_median_family_income"", ""tract_to_msamd_income_ratio""]",0.012550190927359095,"{""hud_median_family_income"": 0.022073281583122384, ""loan_amount_000s"": 0.0162846250304296, ""tract_to_msamd_income_ratio"": 0.019507387340389704}",0.8551969312333488,loan_to_area_median,False,rejected: family did not win the predeclared repeated-OOF selection rule,row-local or X-only train-fitted; no target,safe NaN followed by train-median imputation,HMDA_pipeline_review/project/new new project/reports/generations/feature_v2/FEATURE_VALIDATION.csv,loan_to_tract_income,classification_v2,train_only_validation,supporting_analysis,train_only_validation,5786f0779b4e343fcd29642e2cb0c0ebe063722dcdfebf494a1463c542cbfe02,denial,"target_denied = 1 - loan_approved; favorable actions 1/2/8, denial actions 3/7",AP/MCC/accuracy/recall dimensionless; count fields rows; runtime seconds
tract_minus_area_income_000s,numeric_relative,tract_implied_income_000s - area_median_income_000s,"[""hud_median_family_income"", ""tract_to_msamd_income_ratio""]",0.019224751873475165,"{""hud_median_family_income"": 0.022073281583122384, ""tract_to_msamd_income_ratio"": 0.019507387340389704}",0.9919823192150842,tract_to_msamd_income_ratio__robust_z,False,rejected: family did not win the predeclared repeated-OOF selection rule,row-local or X-only train-fitted; no target,safe NaN followed by train-median imputation,HMDA_pipeline_review/project/new new project/reports/generations/feature_v2/FEATURE_VALIDATION.csv,tract_minus_area_income_000s,classification_v2,train_only_validation,supporting_analysis,train_only_validation,5786f0779b4e343fcd29642e2cb0c0ebe063722dcdfebf494a1463c542cbfe02,denial,"target_denied = 1 - loan_approved; favorable actions 1/2/8, denial actions 3/7",AP/MCC/accuracy/recall dimensionless; count fields rows; runtime seconds
