configuration,model,mean_oof_pr_auc,seed_pr_auc_std,mean_fold_pr_auc_std,mean_oof_roc_auc,mean_oof_mcc,mean_oof_balanced_accuracy,mean_oof_brier,mean_encoded_features,absolute_pr_auc_delta_vs_baseline,relative_pr_auc_delta_percent,source_artifact,source_row_key,source_generation,source_evaluation_scope,scientific_status,evaluation_scope,source_sha256,positive_class,target_definition,metric_units
onehot_numeric,lightgbm,0.4494868237237489,0.0006717901942200307,0.007010776050517368,0.7352242854826908,0.3040046554610935,0.6529634449307937,0.1954795783237966,66.0,0.0013404284972187708,0.2991050494875024,HMDA_pipeline_review/project/new new project/reports/generations/feature_v2/ABLATION_RESULTS.csv,onehot_numeric|lightgbm|,classification_v2,out_of_fold,supporting_analysis,out_of_fold,0b27c1756e8690efeab6e873341de66381ff5ff4faa2975dbc887ebdd159fffe,denial,"target_denied = 1 - loan_approved; favorable actions 1/2/8, denial actions 3/7",AP/MCC/accuracy/recall dimensionless; count fields rows; runtime seconds
categorical_numeric_combined,lightgbm,0.44823518592738143,0.0010808878632862149,0.006014263689937657,0.7346613645823749,0.30450783791821834,0.652247065473139,0.19469740331237587,106.0,8.879070085132668e-05,0.01981287851404998,HMDA_pipeline_review/project/new new project/reports/generations/feature_v2/ABLATION_RESULTS.csv,categorical_numeric_combined|lightgbm|,classification_v2,out_of_fold,supporting_analysis,out_of_fold,0b27c1756e8690efeab6e873341de66381ff5ff4faa2975dbc887ebdd159fffe,denial,"target_denied = 1 - loan_approved; favorable actions 1/2/8, denial actions 3/7",AP/MCC/accuracy/recall dimensionless; count fields rows; runtime seconds
baseline_v1_equivalent,lightgbm,0.4481463952265301,0.0003409815838132081,0.005680177811217572,0.7359036647081246,0.30475312040119995,0.659772335922815,0.19578263892695727,33.0,0.0,0.0,HMDA_pipeline_review/project/new new project/reports/generations/feature_v2/ABLATION_RESULTS.csv,baseline_v1_equivalent|lightgbm|,classification_v2,out_of_fold,supporting_analysis,out_of_fold,0b27c1756e8690efeab6e873341de66381ff5ff4faa2975dbc887ebdd159fffe,denial,"target_denied = 1 - loan_approved; favorable actions 1/2/8, denial actions 3/7",AP/MCC/accuracy/recall dimensionless; count fields rows; runtime seconds
all_candidates,lightgbm,0.4479938390779872,0.0005904187144702677,0.005857428441883377,0.735331057130714,0.30411508222356043,0.6555529266401147,0.19327795273461565,131.0,-0.0001525561485429261,-0.03404158778646689,HMDA_pipeline_review/project/new new project/reports/generations/feature_v2/ABLATION_RESULTS.csv,all_candidates|lightgbm|,classification_v2,out_of_fold,supporting_analysis,out_of_fold,0b27c1756e8690efeab6e873341de66381ff5ff4faa2975dbc887ebdd159fffe,denial,"target_denied = 1 - loan_approved; favorable actions 1/2/8, denial actions 3/7",AP/MCC/accuracy/recall dimensionless; count fields rows; runtime seconds
nonlinear,lightgbm,0.4468877767379507,0.0003986428387586968,0.006486730979263944,0.7348450403319444,0.3034359641610477,0.6578663722281373,0.1957171159428823,48.0,-0.0012586184885793883,-0.28084985218796166,HMDA_pipeline_review/project/new new project/reports/generations/feature_v2/ABLATION_RESULTS.csv,nonlinear|lightgbm|,classification_v2,out_of_fold,supporting_analysis,out_of_fold,0b27c1756e8690efeab6e873341de66381ff5ff4faa2975dbc887ebdd159fffe,denial,"target_denied = 1 - loan_approved; favorable actions 1/2/8, denial actions 3/7",AP/MCC/accuracy/recall dimensionless; count fields rows; runtime seconds
category_context,lightgbm,0.44680026271659046,0.0003778124694641717,0.00573979546007072,0.7349154334862487,0.3040734095462825,0.6619017574299723,0.19428363084791084,73.0,-0.001346132509939646,-0.30037785069300843,HMDA_pipeline_review/project/new new project/reports/generations/feature_v2/ABLATION_RESULTS.csv,category_context|lightgbm|,classification_v2,out_of_fold,supporting_analysis,out_of_fold,0b27c1756e8690efeab6e873341de66381ff5ff4faa2975dbc887ebdd159fffe,denial,"target_denied = 1 - loan_approved; favorable actions 1/2/8, denial actions 3/7",AP/MCC/accuracy/recall dimensionless; count fields rows; runtime seconds
numeric_relative,lightgbm,0.4462084684193574,9.704845463655622e-05,0.006236667815785483,0.7358943360016825,0.3053079017236485,0.6604229924944465,0.19445330738505562,43.0,-0.0019379268071726963,-0.43243164015479996,HMDA_pipeline_review/project/new new project/reports/generations/feature_v2/ABLATION_RESULTS.csv,numeric_relative|lightgbm|,classification_v2,out_of_fold,supporting_analysis,out_of_fold,0b27c1756e8690efeab6e873341de66381ff5ff4faa2975dbc887ebdd159fffe,denial,"target_denied = 1 - loan_approved; favorable actions 1/2/8, denial actions 3/7",AP/MCC/accuracy/recall dimensionless; count fields rows; runtime seconds
all_candidates,logistic_regression,0.41481919756930374,7.8801960153114e-05,0.0035859786065853038,0.7303690440825304,0.2952838684220508,0.6630913416669952,0.20814701559295906,131.0,0.01599812645747356,4.011354368231877,HMDA_pipeline_review/project/new new project/reports/generations/feature_v2/ABLATION_RESULTS.csv,all_candidates|logistic_regression|,classification_v2,out_of_fold,supporting_analysis,out_of_fold,0b27c1756e8690efeab6e873341de66381ff5ff4faa2975dbc887ebdd159fffe,denial,"target_denied = 1 - loan_approved; favorable actions 1/2/8, denial actions 3/7",AP/MCC/accuracy/recall dimensionless; count fields rows; runtime seconds
onehot_numeric,logistic_regression,0.4078731424766816,0.00010948878496568332,0.00485226378403756,0.7265590266002426,0.29079183346897186,0.6596868961709846,0.20972920196399514,66.0,0.009052071364851422,2.2697074002675257,HMDA_pipeline_review/project/new new project/reports/generations/feature_v2/ABLATION_RESULTS.csv,onehot_numeric|logistic_regression|,classification_v2,out_of_fold,supporting_analysis,out_of_fold,0b27c1756e8690efeab6e873341de66381ff5ff4faa2975dbc887ebdd159fffe,denial,"target_denied = 1 - loan_approved; favorable actions 1/2/8, denial actions 3/7",AP/MCC/accuracy/recall dimensionless; count fields rows; runtime seconds
nonlinear,logistic_regression,0.4076686414687162,0.0005174540290813662,0.0033267277124250745,0.7288533814424858,0.291922593500023,0.6622895224575102,0.20893566042448913,48.0,0.008847570356885992,2.2184310202619955,HMDA_pipeline_review/project/new new project/reports/generations/feature_v2/ABLATION_RESULTS.csv,nonlinear|logistic_regression|,classification_v2,out_of_fold,supporting_analysis,out_of_fold,0b27c1756e8690efeab6e873341de66381ff5ff4faa2975dbc887ebdd159fffe,denial,"target_denied = 1 - loan_approved; favorable actions 1/2/8, denial actions 3/7",AP/MCC/accuracy/recall dimensionless; count fields rows; runtime seconds
categorical_numeric_combined,logistic_regression,0.4067051662174188,1.3092271458571304e-05,0.004834023403769478,0.7266415145181855,0.292051575177923,0.6565256253532605,0.20978894692556535,106.0,0.007884095105588629,1.9768501908912215,HMDA_pipeline_review/project/new new project/reports/generations/feature_v2/ABLATION_RESULTS.csv,categorical_numeric_combined|logistic_regression|,classification_v2,out_of_fold,supporting_analysis,out_of_fold,0b27c1756e8690efeab6e873341de66381ff5ff4faa2975dbc887ebdd159fffe,denial,"target_denied = 1 - loan_approved; favorable actions 1/2/8, denial actions 3/7",AP/MCC/accuracy/recall dimensionless; count fields rows; runtime seconds
category_context,logistic_regression,0.4031994321865947,0.0001413154287195584,0.0043327308368755505,0.726136410478857,0.2917194520580544,0.6511429209879465,0.21024988243747425,73.0,0.004378361074764525,1.0978259154057646,HMDA_pipeline_review/project/new new project/reports/generations/feature_v2/ABLATION_RESULTS.csv,category_context|logistic_regression|,classification_v2,out_of_fold,supporting_analysis,out_of_fold,0b27c1756e8690efeab6e873341de66381ff5ff4faa2975dbc887ebdd159fffe,denial,"target_denied = 1 - loan_approved; favorable actions 1/2/8, denial actions 3/7",AP/MCC/accuracy/recall dimensionless; count fields rows; runtime seconds
baseline_v1_equivalent,logistic_regression,0.3988210711118302,9.71099731407262e-05,0.004223966385150072,0.7251824235095145,0.28850053032618395,0.6606530225955283,0.2107721692816748,33.0,0.0,0.0,HMDA_pipeline_review/project/new new project/reports/generations/feature_v2/ABLATION_RESULTS.csv,baseline_v1_equivalent|logistic_regression|,classification_v2,out_of_fold,supporting_analysis,out_of_fold,0b27c1756e8690efeab6e873341de66381ff5ff4faa2975dbc887ebdd159fffe,denial,"target_denied = 1 - loan_approved; favorable actions 1/2/8, denial actions 3/7",AP/MCC/accuracy/recall dimensionless; count fields rows; runtime seconds
numeric_relative,logistic_regression,0.3980688991484302,0.00041124151490834075,0.0032530272054086574,0.7251314199210449,0.28958315150893077,0.6658451305913746,0.21070487247096048,43.0,-0.0007521719633999946,-0.18859885243853733,HMDA_pipeline_review/project/new new project/reports/generations/feature_v2/ABLATION_RESULTS.csv,numeric_relative|logistic_regression|,classification_v2,out_of_fold,supporting_analysis,out_of_fold,0b27c1756e8690efeab6e873341de66381ff5ff4faa2975dbc887ebdd159fffe,denial,"target_denied = 1 - loan_approved; favorable actions 1/2/8, denial actions 3/7",AP/MCC/accuracy/recall dimensionless; count fields rows; runtime seconds
