configuration,families,seed,model,oof_rows,encoded_features,oof_pr_auc,oof_roc_auc,oof_brier_score,oof_mcc,oof_balanced_accuracy,oof_threshold,fold_pr_auc_std,source_artifact,source_row_key,source_generation,source_evaluation_scope,scientific_status,evaluation_scope,source_sha256,positive_class,target_definition,metric_units
baseline_v1_equivalent,[],20260809,lightgbm,60000,33.0,0.44838750561670415,0.7368363833133973,0.1956751029800237,0.3059105738830766,0.6629007452975275,0.5875473484903084,0.007333118055522822,HMDA_pipeline_review/project/new new project/reports/generations/feature_v2/OOF_SEED_RESULTS.csv,baseline_v1_equivalent|lightgbm|20260809,classification_v2,out_of_fold,supporting_analysis,out_of_fold,abf94a8edaa359708c6173f34c2c6d23901b29c2b025d1d83d96d7318360dcb4,denial,"target_denied = 1 - loan_approved; favorable actions 1/2/8, denial actions 3/7",AP/MCC/accuracy/recall dimensionless; count fields rows; runtime seconds
baseline_v1_equivalent,[],20260809,logistic_regression,60000,33.0,0.3988897382323588,0.7250800881562978,0.21081092073113172,0.2883593308317093,0.6643335042128371,0.5647015838844319,0.0064276639083652295,HMDA_pipeline_review/project/new new project/reports/generations/feature_v2/OOF_SEED_RESULTS.csv,baseline_v1_equivalent|logistic_regression|20260809,classification_v2,out_of_fold,supporting_analysis,out_of_fold,abf94a8edaa359708c6173f34c2c6d23901b29c2b025d1d83d96d7318360dcb4,denial,"target_denied = 1 - loan_approved; favorable actions 1/2/8, denial actions 3/7",AP/MCC/accuracy/recall dimensionless; count fields rows; runtime seconds
baseline_v1_equivalent,[],20260810,lightgbm,60000,33.0,0.44790528483635605,0.734970946102852,0.19589017487389085,0.3035956669193234,0.6566439265481026,0.6051064763115936,0.004027237566912322,HMDA_pipeline_review/project/new new project/reports/generations/feature_v2/OOF_SEED_RESULTS.csv,baseline_v1_equivalent|lightgbm|20260810,classification_v2,out_of_fold,supporting_analysis,out_of_fold,abf94a8edaa359708c6173f34c2c6d23901b29c2b025d1d83d96d7318360dcb4,denial,"target_denied = 1 - loan_approved; favorable actions 1/2/8, denial actions 3/7",AP/MCC/accuracy/recall dimensionless; count fields rows; runtime seconds
baseline_v1_equivalent,[],20260810,logistic_regression,60000,33.0,0.3987524039913015,0.7252847588627311,0.21073341783221786,0.2886417298206586,0.6569725409782194,0.5904582163085298,0.002020268861934916,HMDA_pipeline_review/project/new new project/reports/generations/feature_v2/OOF_SEED_RESULTS.csv,baseline_v1_equivalent|logistic_regression|20260810,classification_v2,out_of_fold,supporting_analysis,out_of_fold,abf94a8edaa359708c6173f34c2c6d23901b29c2b025d1d83d96d7318360dcb4,denial,"target_denied = 1 - loan_approved; favorable actions 1/2/8, denial actions 3/7",AP/MCC/accuracy/recall dimensionless; count fields rows; runtime seconds
numeric_relative,"[""numeric_relative""]",20260809,lightgbm,60000,43.0,0.4461398447989802,0.7366609102181562,0.1943067689331692,0.30565762144632797,0.6662263233303101,0.5709734883028331,0.008421345092184887,HMDA_pipeline_review/project/new new project/reports/generations/feature_v2/OOF_SEED_RESULTS.csv,numeric_relative|lightgbm|20260809,classification_v2,out_of_fold,supporting_analysis,out_of_fold,abf94a8edaa359708c6173f34c2c6d23901b29c2b025d1d83d96d7318360dcb4,denial,"target_denied = 1 - loan_approved; favorable actions 1/2/8, denial actions 3/7",AP/MCC/accuracy/recall dimensionless; count fields rows; runtime seconds
numeric_relative,"[""numeric_relative""]",20260809,logistic_regression,60000,43.0,0.3983596908123273,0.7251373178928366,0.21073350883614644,0.28840820635616515,0.665989720940626,0.5580932418843374,0.004729993299223317,HMDA_pipeline_review/project/new new project/reports/generations/feature_v2/OOF_SEED_RESULTS.csv,numeric_relative|logistic_regression|20260809,classification_v2,out_of_fold,supporting_analysis,out_of_fold,abf94a8edaa359708c6173f34c2c6d23901b29c2b025d1d83d96d7318360dcb4,denial,"target_denied = 1 - loan_approved; favorable actions 1/2/8, denial actions 3/7",AP/MCC/accuracy/recall dimensionless; count fields rows; runtime seconds
numeric_relative,"[""numeric_relative""]",20260810,lightgbm,60000,43.0,0.4462770920397346,0.7351277617852089,0.19459984583694204,0.30495818200096914,0.6546196616585828,0.6132977693583931,0.004051990539386079,HMDA_pipeline_review/project/new new project/reports/generations/feature_v2/OOF_SEED_RESULTS.csv,numeric_relative|lightgbm|20260810,classification_v2,out_of_fold,supporting_analysis,out_of_fold,abf94a8edaa359708c6173f34c2c6d23901b29c2b025d1d83d96d7318360dcb4,denial,"target_denied = 1 - loan_approved; favorable actions 1/2/8, denial actions 3/7",AP/MCC/accuracy/recall dimensionless; count fields rows; runtime seconds
numeric_relative,"[""numeric_relative""]",20260810,logistic_regression,60000,43.0,0.39777810748453307,0.7251255219492532,0.21067623610577452,0.29075809666169633,0.6657005402421232,0.564277248333556,0.001776061111593998,HMDA_pipeline_review/project/new new project/reports/generations/feature_v2/OOF_SEED_RESULTS.csv,numeric_relative|logistic_regression|20260810,classification_v2,out_of_fold,supporting_analysis,out_of_fold,abf94a8edaa359708c6173f34c2c6d23901b29c2b025d1d83d96d7318360dcb4,denial,"target_denied = 1 - loan_approved; favorable actions 1/2/8, denial actions 3/7",AP/MCC/accuracy/recall dimensionless; count fields rows; runtime seconds
nonlinear,"[""nonlinear""]",20260809,lightgbm,60000,48.0,0.44716965979250844,0.7355722237557563,0.19565998766047712,0.3056087778927588,0.6589968058677392,0.6025130892386044,0.00795098144601187,HMDA_pipeline_review/project/new new project/reports/generations/feature_v2/OOF_SEED_RESULTS.csv,nonlinear|lightgbm|20260809,classification_v2,out_of_fold,supporting_analysis,out_of_fold,abf94a8edaa359708c6173f34c2c6d23901b29c2b025d1d83d96d7318360dcb4,denial,"target_denied = 1 - loan_approved; favorable actions 1/2/8, denial actions 3/7",AP/MCC/accuracy/recall dimensionless; count fields rows; runtime seconds
nonlinear,"[""nonlinear""]",20260809,logistic_regression,60000,48.0,0.40803453672163187,0.728994056022188,0.208927214573991,0.29236885211560976,0.6630190464923695,0.5726054978126128,0.0054372688883223734,HMDA_pipeline_review/project/new new project/reports/generations/feature_v2/OOF_SEED_RESULTS.csv,nonlinear|logistic_regression|20260809,classification_v2,out_of_fold,supporting_analysis,out_of_fold,abf94a8edaa359708c6173f34c2c6d23901b29c2b025d1d83d96d7318360dcb4,denial,"target_denied = 1 - loan_approved; favorable actions 1/2/8, denial actions 3/7",AP/MCC/accuracy/recall dimensionless; count fields rows; runtime seconds
nonlinear,"[""nonlinear""]",20260810,lightgbm,60000,48.0,0.446605893683393,0.7341178569081327,0.19577424422528747,0.3012631504293366,0.6567359385885353,0.6000596362598265,0.005022480512516017,HMDA_pipeline_review/project/new new project/reports/generations/feature_v2/OOF_SEED_RESULTS.csv,nonlinear|lightgbm|20260810,classification_v2,out_of_fold,supporting_analysis,out_of_fold,abf94a8edaa359708c6173f34c2c6d23901b29c2b025d1d83d96d7318360dcb4,denial,"target_denied = 1 - loan_approved; favorable actions 1/2/8, denial actions 3/7",AP/MCC/accuracy/recall dimensionless; count fields rows; runtime seconds
nonlinear,"[""nonlinear""]",20260810,logistic_regression,60000,48.0,0.4073027462158004,0.7287127068627837,0.20894410627498727,0.2914763348844362,0.6615599984226508,0.5761280192578779,0.0012161865365277757,HMDA_pipeline_review/project/new new project/reports/generations/feature_v2/OOF_SEED_RESULTS.csv,nonlinear|logistic_regression|20260810,classification_v2,out_of_fold,supporting_analysis,out_of_fold,abf94a8edaa359708c6173f34c2c6d23901b29c2b025d1d83d96d7318360dcb4,denial,"target_denied = 1 - loan_approved; favorable actions 1/2/8, denial actions 3/7",AP/MCC/accuracy/recall dimensionless; count fields rows; runtime seconds
category_context,"[""category_context""]",20260809,lightgbm,60000,73.0,0.44706741647576537,0.7356017368368014,0.19415191176558355,0.30535218795736824,0.66138911891899,0.5876545430865032,0.0062980976643823745,HMDA_pipeline_review/project/new new project/reports/generations/feature_v2/OOF_SEED_RESULTS.csv,category_context|lightgbm|20260809,classification_v2,out_of_fold,supporting_analysis,out_of_fold,abf94a8edaa359708c6173f34c2c6d23901b29c2b025d1d83d96d7318360dcb4,denial,"target_denied = 1 - loan_approved; favorable actions 1/2/8, denial actions 3/7",AP/MCC/accuracy/recall dimensionless; count fields rows; runtime seconds
category_context,"[""category_context""]",20260809,logistic_regression,60000,73.0,0.4032993572845286,0.7260469717084884,0.21028036874671244,0.2914602233606866,0.6516358426331217,0.60933534916859,0.00685604846677159,HMDA_pipeline_review/project/new new project/reports/generations/feature_v2/OOF_SEED_RESULTS.csv,category_context|logistic_regression|20260809,classification_v2,out_of_fold,supporting_analysis,out_of_fold,abf94a8edaa359708c6173f34c2c6d23901b29c2b025d1d83d96d7318360dcb4,denial,"target_denied = 1 - loan_approved; favorable actions 1/2/8, denial actions 3/7",AP/MCC/accuracy/recall dimensionless; count fields rows; runtime seconds
category_context,"[""category_context""]",20260810,lightgbm,60000,73.0,0.4465331089574155,0.7342291301356958,0.19441534993023812,0.30279463113519667,0.6624143959409545,0.5781692394254673,0.0051814932557590655,HMDA_pipeline_review/project/new new project/reports/generations/feature_v2/OOF_SEED_RESULTS.csv,category_context|lightgbm|20260810,classification_v2,out_of_fold,supporting_analysis,out_of_fold,abf94a8edaa359708c6173f34c2c6d23901b29c2b025d1d83d96d7318360dcb4,denial,"target_denied = 1 - loan_approved; favorable actions 1/2/8, denial actions 3/7",AP/MCC/accuracy/recall dimensionless; count fields rows; runtime seconds
category_context,"[""category_context""]",20260810,logistic_regression,60000,73.0,0.4030995070886608,0.7262258492492256,0.21021939612823606,0.2919786807554221,0.6506499993427711,0.6129315921789994,0.0018094132069795103,HMDA_pipeline_review/project/new new project/reports/generations/feature_v2/OOF_SEED_RESULTS.csv,category_context|logistic_regression|20260810,classification_v2,out_of_fold,supporting_analysis,out_of_fold,abf94a8edaa359708c6173f34c2c6d23901b29c2b025d1d83d96d7318360dcb4,denial,"target_denied = 1 - loan_approved; favorable actions 1/2/8, denial actions 3/7",AP/MCC/accuracy/recall dimensionless; count fields rows; runtime seconds
onehot_numeric,"[""onehot_numeric""]",20260809,lightgbm,60000,66.0,0.44901179632188126,0.7349438507477074,0.19561902162462913,0.3040444520167747,0.641737975998002,0.6554130881379759,0.009054402897155716,HMDA_pipeline_review/project/new new project/reports/generations/feature_v2/OOF_SEED_RESULTS.csv,onehot_numeric|lightgbm|20260809,classification_v2,out_of_fold,supporting_analysis,out_of_fold,abf94a8edaa359708c6173f34c2c6d23901b29c2b025d1d83d96d7318360dcb4,denial,"target_denied = 1 - loan_approved; favorable actions 1/2/8, denial actions 3/7",AP/MCC/accuracy/recall dimensionless; count fields rows; runtime seconds
onehot_numeric,"[""onehot_numeric""]",20260809,logistic_regression,60000,66.0,0.4079505627389947,0.7266577362409138,0.20970684714043855,0.28985776365582894,0.6596803238823823,0.5803433316619976,0.00854724777546705,HMDA_pipeline_review/project/new new project/reports/generations/feature_v2/OOF_SEED_RESULTS.csv,onehot_numeric|logistic_regression|20260809,classification_v2,out_of_fold,supporting_analysis,out_of_fold,abf94a8edaa359708c6173f34c2c6d23901b29c2b025d1d83d96d7318360dcb4,denial,"target_denied = 1 - loan_approved; favorable actions 1/2/8, denial actions 3/7",AP/MCC/accuracy/recall dimensionless; count fields rows; runtime seconds
onehot_numeric,"[""onehot_numeric""]",20260810,lightgbm,60000,66.0,0.4499618511256165,0.7355047202176742,0.19534013502296407,0.3039648589054123,0.6641889138635856,0.5783674792132079,0.00496714920387902,HMDA_pipeline_review/project/new new project/reports/generations/feature_v2/OOF_SEED_RESULTS.csv,onehot_numeric|lightgbm|20260810,classification_v2,out_of_fold,supporting_analysis,out_of_fold,abf94a8edaa359708c6173f34c2c6d23901b29c2b025d1d83d96d7318360dcb4,denial,"target_denied = 1 - loan_approved; favorable actions 1/2/8, denial actions 3/7",AP/MCC/accuracy/recall dimensionless; count fields rows; runtime seconds
onehot_numeric,"[""onehot_numeric""]",20260810,logistic_regression,60000,66.0,0.4077957222143685,0.7264603169595716,0.2097515567875517,0.2917259032821148,0.659693468459587,0.5840326902924761,0.0011572797926080688,HMDA_pipeline_review/project/new new project/reports/generations/feature_v2/OOF_SEED_RESULTS.csv,onehot_numeric|logistic_regression|20260810,classification_v2,out_of_fold,supporting_analysis,out_of_fold,abf94a8edaa359708c6173f34c2c6d23901b29c2b025d1d83d96d7318360dcb4,denial,"target_denied = 1 - loan_approved; favorable actions 1/2/8, denial actions 3/7",AP/MCC/accuracy/recall dimensionless; count fields rows; runtime seconds
categorical_numeric_combined,"[""category_context"", ""onehot_numeric""]",20260809,lightgbm,60000,106.0,0.4489994890652133,0.7354126371965246,0.1946156428858282,0.30539564742417585,0.6519644570632386,0.6237181870057124,0.007492906265663656,HMDA_pipeline_review/project/new new project/reports/generations/feature_v2/OOF_SEED_RESULTS.csv,categorical_numeric_combined|lightgbm|20260809,classification_v2,out_of_fold,supporting_analysis,out_of_fold,abf94a8edaa359708c6173f34c2c6d23901b29c2b025d1d83d96d7318360dcb4,denial,"target_denied = 1 - loan_approved; favorable actions 1/2/8, denial actions 3/7",AP/MCC/accuracy/recall dimensionless; count fields rows; runtime seconds
categorical_numeric_combined,"[""category_context"", ""onehot_numeric""]",20260809,logistic_regression,60000,106.0,0.40671442385134826,0.7266616822429905,0.2098197387396792,0.2915128028792992,0.6528845774675658,0.6043131624016364,0.007711620978153315,HMDA_pipeline_review/project/new new project/reports/generations/feature_v2/OOF_SEED_RESULTS.csv,categorical_numeric_combined|logistic_regression|20260809,classification_v2,out_of_fold,supporting_analysis,out_of_fold,abf94a8edaa359708c6173f34c2c6d23901b29c2b025d1d83d96d7318360dcb4,denial,"target_denied = 1 - loan_approved; favorable actions 1/2/8, denial actions 3/7",AP/MCC/accuracy/recall dimensionless; count fields rows; runtime seconds
categorical_numeric_combined,"[""category_context"", ""onehot_numeric""]",20260810,lightgbm,60000,106.0,0.4474708827895495,0.7339100919682251,0.19477916373892354,0.30362002841226077,0.6525296738830395,0.618363734244711,0.0045356211142116585,HMDA_pipeline_review/project/new new project/reports/generations/feature_v2/OOF_SEED_RESULTS.csv,categorical_numeric_combined|lightgbm|20260810,classification_v2,out_of_fold,supporting_analysis,out_of_fold,abf94a8edaa359708c6173f34c2c6d23901b29c2b025d1d83d96d7318360dcb4,denial,"target_denied = 1 - loan_approved; favorable actions 1/2/8, denial actions 3/7",AP/MCC/accuracy/recall dimensionless; count fields rows; runtime seconds
categorical_numeric_combined,"[""category_context"", ""onehot_numeric""]",20260810,logistic_regression,60000,106.0,0.4066959085834893,0.7266213467933804,0.2097581551114515,0.2925903474765469,0.6601666732389553,0.5831298498780313,0.0019564258293856404,HMDA_pipeline_review/project/new new project/reports/generations/feature_v2/OOF_SEED_RESULTS.csv,categorical_numeric_combined|logistic_regression|20260810,classification_v2,out_of_fold,supporting_analysis,out_of_fold,abf94a8edaa359708c6173f34c2c6d23901b29c2b025d1d83d96d7318360dcb4,denial,"target_denied = 1 - loan_approved; favorable actions 1/2/8, denial actions 3/7",AP/MCC/accuracy/recall dimensionless; count fields rows; runtime seconds
all_candidates,"[""numeric_relative"", ""nonlinear"", ""category_context"", ""onehot_numeric""]",20260809,lightgbm,60000,131.0,0.4484113281547285,0.7354693665628245,0.19327193906490484,0.30430899063114186,0.6570119747098335,0.6004176335644326,0.007457344793756367,HMDA_pipeline_review/project/new new project/reports/generations/feature_v2/OOF_SEED_RESULTS.csv,all_candidates|lightgbm|20260809,classification_v2,out_of_fold,supporting_analysis,out_of_fold,abf94a8edaa359708c6173f34c2c6d23901b29c2b025d1d83d96d7318360dcb4,denial,"target_denied = 1 - loan_approved; favorable actions 1/2/8, denial actions 3/7",AP/MCC/accuracy/recall dimensionless; count fields rows; runtime seconds
all_candidates,"[""numeric_relative"", ""nonlinear"", ""category_context"", ""onehot_numeric""]",20260809,logistic_regression,60000,131.0,0.4148749189696988,0.7306026315443565,0.20810567558955614,0.29564172886623563,0.6657925522825558,0.5654774730982114,0.005155549370537001,HMDA_pipeline_review/project/new new project/reports/generations/feature_v2/OOF_SEED_RESULTS.csv,all_candidates|logistic_regression|20260809,classification_v2,out_of_fold,supporting_analysis,out_of_fold,abf94a8edaa359708c6173f34c2c6d23901b29c2b025d1d83d96d7318360dcb4,denial,"target_denied = 1 - loan_approved; favorable actions 1/2/8, denial actions 3/7",AP/MCC/accuracy/recall dimensionless; count fields rows; runtime seconds
all_candidates,"[""numeric_relative"", ""nonlinear"", ""category_context"", ""onehot_numeric""]",20260810,lightgbm,60000,131.0,0.4475763500012458,0.7351927476986035,0.19328396640432646,0.30392117381597905,0.6540938785703958,0.6099878908989588,0.004257512090010387,HMDA_pipeline_review/project/new new project/reports/generations/feature_v2/OOF_SEED_RESULTS.csv,all_candidates|lightgbm|20260810,classification_v2,out_of_fold,supporting_analysis,out_of_fold,abf94a8edaa359708c6173f34c2c6d23901b29c2b025d1d83d96d7318360dcb4,denial,"target_denied = 1 - loan_approved; favorable actions 1/2/8, denial actions 3/7",AP/MCC/accuracy/recall dimensionless; count fields rows; runtime seconds
all_candidates,"[""numeric_relative"", ""nonlinear"", ""category_context"", ""onehot_numeric""]",20260810,logistic_regression,60000,131.0,0.4147634761689087,0.7301354566207044,0.20818835559636198,0.294926007977866,0.6603901310514347,0.5832190558027373,0.0020164078426336066,HMDA_pipeline_review/project/new new project/reports/generations/feature_v2/OOF_SEED_RESULTS.csv,all_candidates|logistic_regression|20260810,classification_v2,out_of_fold,supporting_analysis,out_of_fold,abf94a8edaa359708c6173f34c2c6d23901b29c2b025d1d83d96d7318360dcb4,denial,"target_denied = 1 - loan_approved; favorable actions 1/2/8, denial actions 3/7",AP/MCC/accuracy/recall dimensionless; count fields rows; runtime seconds
