sensitive_field,group_label,n,iid_fraction,mean_target,median_target,d10_fraction,top5_target_fraction,missing_unknown_status,analysis_status,target_composition_warning
applicant_ethnicity_name,Hispanic or Latino,7760,0.10346666666666667,218.9,192.0,0.0625,0.021778350515463916,OBSERVED,ELIGIBLE,Descriptive; group target distributions differ.
applicant_ethnicity_name,"Information not provided by applicant in mail, Internet, or telephone application",7574,0.10098666666666667,275.2678901505149,217.0,0.13018220227092686,0.06878795880644309,UNKNOWN_OR_NOT_PROVIDED,ELIGIBLE,Descriptive; group target distributions differ.
applicant_ethnicity_name,Not Hispanic or Latino,59613,0.79484,250.23206347608743,202.0,0.10073306158052774,0.0518007817086877,OBSERVED,ELIGIBLE,Descriptive; group target distributions differ.
co_applicant_ethnicity_name,Hispanic or Latino,3239,0.043186666666666665,250.52392713800555,220.0,0.09138623031799938,0.03643099722136462,OBSERVED,ELIGIBLE,Descriptive; group target distributions differ.
co_applicant_ethnicity_name,"Information not provided by applicant in mail, Internet, or telephone application",3893,0.05190666666666666,301.1967634215258,240.0,0.15977395324942203,0.08296943231441048,UNKNOWN_OR_NOT_PROVIDED,ELIGIBLE,Descriptive; group target distributions differ.
co_applicant_ethnicity_name,No co-applicant,40692,0.54256,222.41482355254104,180.0,0.07274157082473214,0.03600216258724073,NO_CO_APPLICANT,ELIGIBLE,Descriptive; group target distributions differ.
co_applicant_ethnicity_name,Not Hispanic or Latino,27118,0.36157333333333336,282.7999852496497,230.5,0.13267940113577698,0.0691422671288443,OBSERVED,ELIGIBLE,Descriptive; group target distributions differ.
applicant_race_name_1,American Indian or Alaska Native,507,0.00676,207.95857988165682,179.0,0.07692307692307693,0.027613412228796843,OBSERVED,ELIGIBLE,Descriptive; group target distributions differ.
applicant_race_name_1,Asian,4792,0.06389333333333333,358.2913188647746,300.0,0.246661101836394,0.13084307178631052,OBSERVED,ELIGIBLE,Descriptive; group target distributions differ.
applicant_race_name_1,Black or African American,4800,0.064,201.034375,176.0,0.04645833333333333,0.018958333333333334,OBSERVED,ELIGIBLE,Descriptive; group target distributions differ.
applicant_race_name_1,"Information not provided by applicant in mail, Internet, or telephone application",8176,0.10901333333333334,274.6735567514677,217.0,0.12891389432485323,0.06727005870841488,UNKNOWN_OR_NOT_PROVIDED,ELIGIBLE,Descriptive; group target distributions differ.
applicant_race_name_1,Native Hawaiian or Other Pacific Islander,338,0.004506666666666667,277.08579881656806,245.5,0.15384615384615385,0.04437869822485207,OBSERVED,ELIGIBLE,Descriptive; group target distributions differ.
applicant_race_name_1,White,56362,0.7514933333333333,240.92496717646642,198.0,0.08743479649409176,0.04401901990702956,OBSERVED,ELIGIBLE,Descriptive; group target distributions differ.
co_applicant_race_name_1,Asian,2203,0.029373333333333335,405.16386745347256,333.0,0.300953245574217,0.17703132092600998,OBSERVED,ELIGIBLE,Descriptive; group target distributions differ.
co_applicant_race_name_1,Black or African American,1276,0.01701333333333333,245.53918495297805,215.0,0.08934169278996865,0.03761755485893417,OBSERVED,ELIGIBLE,Descriptive; group target distributions differ.
co_applicant_race_name_1,"Information not provided by applicant in mail, Internet, or telephone application",4201,0.05601333333333333,300.8300404665556,244.0,0.15805760533206378,0.07902880266603189,UNKNOWN_OR_NOT_PROVIDED,ELIGIBLE,Descriptive; group target distributions differ.
co_applicant_race_name_1,No co-applicant,40692,0.54256,222.41482355254104,180.0,0.07274157082473214,0.03600216258724073,NO_CO_APPLICANT,ELIGIBLE,Descriptive; group target distributions differ.
co_applicant_race_name_1,White,26216,0.34954666666666667,270.5949801647849,224.0,0.11634116570033567,0.058742752517546536,OBSERVED,ELIGIBLE,Descriptive; group target distributions differ.
applicant_sex_name,Female,22123,0.2949733333333333,212.56588166161913,179.0,0.06350856574605614,0.027799123084572618,OBSERVED,ELIGIBLE,Descriptive; group target distributions differ.
applicant_sex_name,"Information not provided by applicant in mail, Internet, or telephone application",4876,0.06501333333333334,274.51210008203446,210.0,0.12776866283839214,0.0695242001640689,UNKNOWN_OR_NOT_PROVIDED,ELIGIBLE,Descriptive; group target distributions differ.
applicant_sex_name,Male,47982,0.63976,263.99012129548584,214.0,0.11360510191321746,0.05887624525863865,OBSERVED,ELIGIBLE,Descriptive; group target distributions differ.
co_applicant_sex_name,Female,24643,0.32857333333333333,285.9610031246196,234.0,0.1341557440246723,0.06971553788093982,OBSERVED,ELIGIBLE,Descriptive; group target distributions differ.
co_applicant_sex_name,"Information not provided by applicant in mail, Internet, or telephone application",2554,0.03405333333333333,298.87901331245104,238.0,0.15857478465152702,0.08144087705559906,UNKNOWN_OR_NOT_PROVIDED,ELIGIBLE,Descriptive; group target distributions differ.
co_applicant_sex_name,Male,7066,0.09421333333333333,261.1419473535239,219.0,0.11406736484574016,0.05505236343051231,OBSERVED,ELIGIBLE,Descriptive; group target distributions differ.
co_applicant_sex_name,No co-applicant,40692,0.54256,222.41482355254104,180.0,0.07274157082473214,0.03600216258724073,NO_CO_APPLICANT,ELIGIBLE,Descriptive; group target distributions differ.
majority_minority_tract,Majority minority,16757,0.22342666666666666,246.65584531837442,204.0,0.10920809214059796,0.04833800799665811,OBSERVED,ELIGIBLE,Descriptive; group target distributions differ.
majority_minority_tract,Not majority minority,58243,0.7765733333333333,250.3754785982865,201.0,0.09702453513726972,0.05101042185326992,OBSERVED,ELIGIBLE,Descriptive; group target distributions differ.
