model_id,decile,decile_index,row_count,target_min,target_max,mean_target,median_target,mean_prediction,median_prediction,mae,mape_percent,wape_percent,rmse,mean_signed_error,underprediction_rate
ens_boost_cat060,D1,1,10292,1.0,70.0,35.69267392149242,35.0,60.31519367049714,48.519226470064396,29.604590002104864,111.2860774851239,82.943043346154,48.74531253164275,24.622519749004717,0.25728721336960747
ens_boost_cat060,D2,2,9821,71.0,110.0,91.8832094491396,93.0,126.3601072668164,116.74916854905265,42.68690567827445,47.21295191086273,46.45778693864962,63.000882479693495,34.47689781767682,0.22696263109662967
ens_boost_cat060,D3,3,9894,111.0,141.0,126.45522538912472,127.0,151.14996568544652,140.93862877375676,38.46925911780122,30.5546157081438,30.42124910174698,57.755283276975526,24.694740296321804,0.34121689913078634
ens_boost_cat060,D4,4,10108,142.0,171.0,156.31608626830234,156.0,174.5174767138507,165.18407769311642,38.934753599920704,24.977995307580265,24.90770753631379,62.31349198637475,18.20139044554838,0.4103680253264741
ens_boost_cat060,D5,5,9993,172.0,202.0,186.91033723606523,187.0,199.03022918064855,188.81778041850717,41.62041215910424,22.24347804635216,22.26758175848681,61.84466720616588,12.119891944583287,0.47963574502151507
ens_boost_cat060,D6,6,9953,203.0,239.0,220.45945945945945,220.0,221.97910187628736,214.11936920130915,43.74885305582781,19.86401145865396,19.844398223190254,61.143513547642414,1.5196424168279041,0.5478750125590274
ens_boost_cat060,D7,7,9941,240.0,282.0,259.9416557690373,260.0,251.90741236318513,243.26696470967948,51.24476354762806,19.74425538216596,19.713948268899205,71.31658651083286,-8.034243405852216,0.6186500352077255
ens_boost_cat060,D8,8,10047,283.0,347.0,312.6174977605255,311.0,293.11892146819343,284.73104706536833,61.206825740391906,19.559219570779813,19.57882273988329,80.90347490723246,-19.49857629233207,0.6647755548920076
ens_boost_cat060,D9,9,9977,348.0,438.0,391.7088303097123,392.0,352.30088272046765,340.68276542435615,81.29348937281956,20.729406126020265,20.753550362534142,107.6343351255279,-39.407947589244706,0.7350907086298486
ens_boost_cat060,D10,10,9974,439.0,9750.0,710.6119911770603,590.0,571.2431229185684,497.09108622901283,195.58514552765973,24.773518702126836,27.52347947347353,336.58487436353863,-139.36886825849194,0.794164828554241
stage3_residual_t75_a75,D1,1,10292,1.0,70.0,35.69267392149242,35.0,60.31733632815252,48.519226470064396,29.606732659760247,111.28937388151678,82.94904642023049,48.77962708370169,24.624662406660104,0.25728721336960747
stage3_residual_t75_a75,D2,2,9821,71.0,110.0,91.8832094491396,93.0,126.36985557039243,116.74916854905265,42.69665398185047,47.22262558823766,46.46839638909705,63.09454850013033,34.486646121252846,0.22696263109662967
stage3_residual_t75_a75,D3,3,9894,111.0,141.0,126.45522538912472,127.0,151.15211944321763,140.93862877375676,38.471412875572334,30.5562724448908,30.422952279899153,57.77581150985422,24.69689405409291,0.34121689913078634
stage3_residual_t75_a75,D4,4,10108,142.0,171.0,156.31608626830234,156.0,174.59135119210038,165.18407769311642,39.008628078170375,25.024513407422646,24.954967213812925,64.28793534012135,18.27526492379805,0.4103680253264741
stage3_residual_t75_a75,D5,5,9993,172.0,202.0,186.91033723606523,187.0,199.05689312100972,188.81778041850717,41.64707609946543,22.257577984359358,22.281847390209204,62.05028959426653,12.146555884944464,0.47963574502151507
stage3_residual_t75_a75,D6,6,9953,203.0,239.0,220.45945945945945,220.0,222.01432878686538,214.11936920130915,43.78407996640585,19.87976588420443,19.860377084185565,61.4562582412847,1.5548693274059355,0.5478750125590274
stage3_residual_t75_a75,D7,7,9941,240.0,282.0,259.9416557690373,260.0,251.97828020922893,243.26696470967948,51.31563139367189,19.772455032052893,19.74121125059953,71.8911993426372,-7.963375559808385,0.6186500352077255
stage3_residual_t75_a75,D8,8,10047,283.0,347.0,312.6174977605255,311.0,293.2215738963527,284.73104706536833,61.309478168551124,19.591256456775813,19.611659170631594,81.44756017387085,-19.395923864172836,0.6647755548920076
stage3_residual_t75_a75,D9,9,9977,348.0,438.0,391.7088303097123,392.0,352.80922843888646,340.68276542435615,81.80183509123839,20.85670893073261,20.883326788053296,109.79238522511102,-38.899601870825904,0.7350907086298486
stage3_residual_t75_a75,D10,10,9974,439.0,9750.0,710.6119911770603,590.0,583.005001647853,498.2548350653564,193.1511758608455,24.829421653907836,27.18096208043284,326.1693645260902,-127.60698952920742,0.7774212953679567
nf_global2_oldraw_direct_cap25,D1,1,10292,1.0,70.0,35.69267392149242,35.0,59.59300576216552,47.821646827781834,28.855123231091454,107.39906277410974,80.84326574848257,47.76895586205941,23.900331840673093,0.26039642440730665
nf_global2_oldraw_direct_cap25,D2,2,9821,71.0,110.0,91.8832094491396,93.0,125.34920295199949,115.92842253784458,41.95300577712997,46.397071492207246,45.659055695428606,62.1369264526747,33.465993502859895,0.23470115059566235
nf_global2_oldraw_direct_cap25,D3,3,9894,111.0,141.0,126.45522538912472,127.0,150.1944763521213,140.12209105483788,38.004109633081654,30.183844898954504,30.053411803376566,57.202660039920055,23.73925096299657,0.35091974934303616
nf_global2_oldraw_direct_cap25,D4,4,10108,142.0,171.0,156.31608626830234,156.0,173.52005638891563,164.13318086794158,38.565440959390216,24.738860062851977,24.6714473731105,62.00038825370246,17.20397012061333,0.4196675900277008
nf_global2_oldraw_direct_cap25,D5,5,9993,172.0,202.0,186.91033723606523,187.0,197.98524337836048,187.82892213506162,41.42809237564345,22.13805326046471,22.164687618812824,62.292093021249485,11.074906142295262,0.48794155909136394
nf_global2_oldraw_direct_cap25,D6,6,9953,203.0,239.0,220.45945945945945,220.0,220.73206745934073,212.83648042487295,43.7616556590299,19.86870094266884,19.850205460145965,61.74346343066174,0.2726079998812323,0.5599316788907867
nf_global2_oldraw_direct_cap25,D7,7,9941,240.0,282.0,259.9416557690373,260.0,250.68129317417055,242.07201725700224,51.68449918259655,19.91270142261814,19.883115320508356,72.80972594793833,-9.26036259486681,0.6269992958454884
nf_global2_oldraw_direct_cap25,D8,8,10047,283.0,347.0,312.6174977605255,311.0,292.1802191319717,282.683215784887,62.74427317597939,20.045207375679457,20.070621006647364,83.98860159821939,-20.437278628553848,0.677913805115955
nf_global2_oldraw_direct_cap25,D9,9,9977,348.0,438.0,391.7088303097123,392.0,353.55679653143807,338.24081927828996,85.37572245056981,21.754144526356995,21.795710447238527,111.99210515505081,-38.152033778274266,0.7370953192342388
nf_global2_oldraw_direct_cap25,D10,10,9974,439.0,9750.0,710.6119911770603,590.0,584.5339558665617,517.7891172396969,189.6042482757765,24.160927138510928,26.681825050786905,330.6300072577096,-126.07803531049869,0.7618808903148185
prompt4b3__beat_costaware,D1,1,10292,1.0,70.0,35.69267392149242,35.0,60.31600344211097,48.519226470064396,29.605399773718695,111.28749813707799,82.94531207955183,48.748706679900394,24.62332952061855,0.25728721336960747
prompt4b3__beat_costaware,D2,2,9821,71.0,110.0,91.8832094491396,93.0,126.36090855865227,116.74916854905265,42.687706970110305,47.21378658985842,46.45865901510478,63.002752785857275,34.477699109512685,0.22696263109662967
prompt4b3__beat_costaware,D3,3,9894,111.0,141.0,126.45522538912472,127.0,151.15105439839604,140.93862877375676,38.47034783075073,30.5554662651356,30.4221100491267,57.75748610955824,24.69582900927131,0.34121689913078634
prompt4b3__beat_costaware,D4,4,10108,142.0,171.0,156.31608626830234,156.0,174.52054779358141,165.18407769311642,38.9378246796514,24.97995433542698,24.909672196384296,62.316332186696556,18.20446152527907,0.4103680253264741
prompt4b3__beat_costaware,D5,5,9993,172.0,202.0,186.91033723606523,187.0,199.03341816634574,188.81778041850717,41.62360114480145,22.245092642201215,22.26928791650052,61.853746777374475,12.123080930280489,0.47963574502151507
prompt4b3__beat_costaware,D6,6,9953,203.0,239.0,220.45945945945945,220.0,221.98022816419765,214.11936920130915,43.749979343738104,19.864512179692152,19.844909105287602,61.15456908614254,1.5207687047381864,0.5478750125590274
prompt4b3__beat_costaware,D7,7,9941,240.0,282.0,259.9416557690373,260.0,251.91328737733497,243.26696470967948,51.24445104017014,19.74417057871718,19.71382804674512,71.32129581104492,-8.028368391702344,0.6185494417060657
prompt4b3__beat_costaware,D8,8,10047,283.0,347.0,312.6174977605255,311.0,293.1219589926307,284.73104706536833,61.20706833214188,19.559292547894497,19.578900340066166,80.90776752173203,-19.495538767894807,0.6647755548920076
prompt4b3__beat_costaware,D9,9,9977,348.0,438.0,391.7088303097123,392.0,352.3312781481307,340.7363143080403,81.28682338524594,20.727672816158062,20.75184859145884,107.64242463861464,-39.377552161581654,0.7350907086298486
prompt4b3__beat_costaware,D10,10,9974,439.0,9750.0,710.6119911770603,590.0,571.6371431180733,497.3344160667517,195.40620046488783,24.76027543476782,27.498297649215893,336.2318683153497,-138.97484805898708,0.7935632644876679
prompt4b4__sub_ldslgb,D1,1,10292,1.0,70.0,35.69267392149242,35.0,61.14888637429719,48.29569510943048,30.556443776859208,115.20686699086136,85.60984767930087,51.04120810517425,25.456212452804767,0.2500971628449281
prompt4b4__sub_ldslgb,D2,2,9821,71.0,110.0,91.8832094491396,93.0,127.66170489455051,116.75945582269249,44.18882859161304,48.871773371973354,48.092386907831106,67.89163030511149,35.77849544541092,0.22961001934629874
prompt4b4__sub_ldslgb,D3,3,9894,111.0,141.0,126.45522538912472,127.0,152.74550606103844,141.38225980647684,40.356761183942965,32.0399495981191,31.913873910515118,61.99718004351819,26.29028067191371,0.34232868405093997
prompt4b4__sub_ldslgb,D4,4,10108,142.0,171.0,156.31608626830234,156.0,176.57885087856198,165.95080157030108,41.033712562221794,26.32174135977784,26.250473346544233,69.17823751663147,20.262764610259666,0.4050257222002374
prompt4b4__sub_ldslgb,D5,5,9993,172.0,202.0,186.91033723606523,187.0,201.70234633980002,189.94055092419177,43.902409475723466,23.458484379627645,23.488486578607638,67.43115074587594,14.79200910373477,0.47002902031421995
prompt4b4__sub_ldslgb,D6,6,9953,203.0,239.0,220.45945945945945,220.0,224.9490664436709,215.70848444776925,45.757048346041834,20.77719012108423,20.755311864699618,65.40819629011337,4.489606984211434,0.5343112629357982
prompt4b4__sub_ldslgb,D7,7,9941,240.0,282.0,259.9416557690373,260.0,256.1391481292361,245.9375258197614,53.42683389291439,20.589620836664498,20.553394466481762,77.24300077429695,-3.80250763980127,0.5967206518458907
prompt4b4__sub_ldslgb,D8,8,10047,283.0,347.0,312.6174977605255,311.0,298.9000775359247,288.39588668325575,63.02744445735357,20.146427422253577,20.161201758973355,85.70576114552341,-13.717420224600803,0.6397929730267742
prompt4b4__sub_ldslgb,D9,9,9977,348.0,438.0,391.7088303097123,392.0,362.56877601235294,347.3894672627279,83.21374339675307,21.217594344653026,21.24377521205189,114.86357623636863,-29.140054297359463,0.6971033376766563
prompt4b4__sub_ldslgb,D10,10,9974,439.0,9750.0,710.6119911770603,590.0,600.8830099523271,515.9565417864065,186.68993765470603,24.101754143133462,26.27171226670016,318.4113611847034,-109.72898122473325,0.7447363144174854
prompt4b4__sub_densecat,D1,1,10292,1.0,70.0,35.69267392149242,35.0,60.44205482896923,48.82953017107919,29.609301371572197,110.58609093677101,82.95624316827352,48.81595735248836,24.749380907476812,0.25437232802176446
prompt4b4__sub_densecat,D2,2,9821,71.0,110.0,91.8832094491396,93.0,126.60062655762562,116.74383053630947,42.76874054446053,47.30109385238794,46.54685094357141,63.427201869928766,34.717417108486025,0.22380612972202424
prompt4b4__sub_densecat,D3,3,9894,111.0,141.0,126.45522538912472,127.0,151.27189235111734,140.4678078266821,38.6301844311674,30.677127149079787,30.548507831365296,58.19313629271853,24.816666961992635,0.34667475237517686
prompt4b4__sub_densecat,D4,4,10108,142.0,171.0,156.31608626830234,156.0,174.6033164109942,164.82463283723212,39.430852241764995,25.294698841163864,25.225076435246418,63.02066321801063,18.287230142691875,0.41373169766521567
prompt4b4__sub_densecat,D5,5,9993,172.0,202.0,186.91033723606523,187.0,199.19574105492097,188.8477192452625,42.2132526376284,22.562253988666374,22.584760833379498,62.401295855508124,12.285403818855716,0.4791353947763434
prompt4b4__sub_densecat,D6,6,9953,203.0,239.0,220.45945945945945,220.0,222.26938650712594,214.96510830606442,44.1859100428561,20.064576580443507,20.042646458081105,61.494315790691175,1.8099270476664953,0.5463679292675575
prompt4b4__sub_densecat,D7,7,9941,240.0,282.0,259.9416557690373,260.0,252.2793023285039,244.07474033357911,51.25903691955521,19.752329457802993,19.71943925951589,71.44869260039194,-7.662353440533425,0.6121114575998391
prompt4b4__sub_densecat,D8,8,10047,283.0,347.0,312.6174977605255,311.0,293.3171850438824,285.0619088408861,61.027518520354015,19.50276517806148,19.52146599519613,80.8397141368058,-19.300312716643102,0.6644769582960087
prompt4b4__sub_densecat,D9,9,9977,348.0,438.0,391.7088303097123,392.0,352.3304158409532,340.7939113843778,81.19734388771738,20.701650327977035,20.729005221433763,107.38308056691389,-39.37841446875914,0.7339881727974341
prompt4b4__sub_densecat,D10,10,9974,439.0,9750.0,710.6119911770603,590.0,572.3705022731846,496.8616400241445,195.34135338638143,24.768370322906403,27.48917212370949,335.54923438300284,-138.24148890387576,0.7955684780429115
