gate,scope,threshold,pr_auc,roc_auc,brier_score,calibration_error,mean_probability,observed_prevalence,precision,recall,f1,false_negative_rate,routed_percentage
prompt4a_gate,selection,0.5,0.7951704628461126,0.9683838086973262,0.07141865774409036,0.09850417500203366,0.19824703214489078,0.09974285714285715,0.49789915966386555,0.9164995703236894,0.6452556216597761,0.08350042967631055,0.1836
prompt4a_gate,selection,0.65,0.7951704628461126,0.9683838086973262,0.07141865774409036,0.09850417500203366,0.19824703214489078,0.09974285714285715,0.570246379537333,0.8685190489830994,0.6884650317892824,0.1314809510169006,0.15191428571428572
prompt4a_gate,selection,0.75,0.7951704628461126,0.9683838086973262,0.07141865774409036,0.09850417500203366,0.19824703214489078,0.09974285714285715,0.631851770155509,0.8205385276425093,0.7139385631503521,0.17946147235749066,0.12952857142857144
prompt4a_gate,selection,0.85,0.7951704628461126,0.9683838086973262,0.07141865774409036,0.09850417500203366,0.19824703214489078,0.09974285714285715,0.7105557106953365,0.7288742480664566,0.7195984162895928,0.2711257519335434,0.10231428571428572
prompt4a_gate,audit,0.5,0.7983933518725702,0.9685129317001736,0.07095423084887614,0.09841130431030393,0.19814463764363727,0.09973333333333333,0.49990914046883517,0.919451871657754,0.6476751030017658,0.080548128342246,0.18343333333333334
prompt4a_gate,audit,0.65,0.7983933518725702,0.9685129317001736,0.07095423084887614,0.09841130431030393,0.19814463764363727,0.09973333333333333,0.5752212389380531,0.8689839572192514,0.6922257720979765,0.13101604278074863,0.15066666666666667
prompt4a_gate,audit,0.75,0.7983933518725702,0.9685129317001736,0.07095423084887614,0.09841130431030393,0.19814463764363727,0.09973333333333333,0.6347103143673681,0.8165106951871658,0.714223066803099,0.1834893048128342,0.1283
prompt4a_gate,audit,0.85,0.7983933518725702,0.9685129317001736,0.07095423084887614,0.09841130431030393,0.19814463764363727,0.09973333333333333,0.7136681077485866,0.7172459893048129,0.7154525754292382,0.28275401069518713,0.10023333333333333
prompt4a_gate,complete_validation,0.5,0.7960975249528838,0.9684211033863439,0.0712793296755261,0.09847631379451474,0.19821631379451476,0.09974,0.49850177063470447,0.9173852015239623,0.6459811500582442,0.0826147984760377,0.18355
prompt4a_gate,complete_validation,0.65,0.7960975249528838,0.9684211033863439,0.0712793296755261,0.09847631379451474,0.19821631379451476,0.09974,0.5717302362412564,0.868658512131542,0.6895893027698186,0.131341487868458,0.15154
prompt4a_gate,complete_validation,0.75,0.7960975249528838,0.9684211033863439,0.0712793296755261,0.09847631379451474,0.19821631379451476,0.09974,0.6327036234128213,0.8193302586725486,0.7140235910878113,0.1806697413274514,0.12916
prompt4a_gate,complete_validation,0.85,0.7960975249528838,0.9684211033863439,0.0712793296755261,0.09847631379451474,0.19821631379451476,0.09974,0.711476054675976,0.7253860036093844,0.7183636995482302,0.27461399639061557,0.10169
meta_gate,selection,0.5,0.7956803705857616,0.9681141797328002,0.039243537360730885,0.0017865198825914687,0.09870435819184911,0.09974285714285715,0.7655826558265583,0.6473789745058722,0.7015365512959801,0.35262102549412777,0.08434285714285714
meta_gate,selection,0.65,0.7956803705857616,0.9681141797328002,0.039243537360730885,0.0017865198825914687,0.09870435819184911,0.09974285714285715,0.8429282160625444,0.509596104268118,0.6351870034812104,0.49040389573188203,0.0603
meta_gate,selection,0.75,0.7956803705857616,0.9681141797328002,0.039243537360730885,0.0017865198825914687,0.09870435819184911,0.09974285714285715,0.8952618453865336,0.4113434545975365,0.5636898920510304,0.5886565454024635,0.04582857142857143
meta_gate,selection,0.85,0.7956803705857616,0.9681141797328002,0.039243537360730885,0.0017865198825914687,0.09870435819184911,0.09974285714285715,0.9260611592879964,0.2906044113434546,0.4423852610923362,0.7093955886565454,0.0313
meta_gate,audit,0.5,0.7994652817751611,0.9684808308926489,0.03905878640616057,0.002328364015133225,0.09810892126372858,0.09973333333333333,0.7668662674650698,0.6420454545454546,0.6989266872839731,0.3579545454545454,0.0835
meta_gate,audit,0.65,0.7994652817751611,0.9684808308926489,0.03905878640616057,0.002328364015133225,0.09810892126372858,0.09973333333333333,0.8433333333333334,0.5073529411764706,0.6335559265442404,0.49264705882352944,0.06
meta_gate,audit,0.75,0.7994652817751611,0.9684808308926489,0.03905878640616057,0.002328364015133225,0.09810892126372858,0.09973333333333333,0.8916363636363637,0.40975935828877,0.5614838561941836,0.59024064171123,0.04583333333333333
meta_gate,audit,0.85,0.7994652817751611,0.9684808308926489,0.03905878640616057,0.002328364015133225,0.09810892126372858,0.09973333333333333,0.936656282450675,0.3014705882352941,0.4561314791403287,0.6985294117647058,0.0321
meta_gate,complete_validation,0.5,0.7967302129445035,0.9682171947554612,0.039188112074359786,0.0016642630434667112,0.09852572711341295,0.09974,0.7659650374598644,0.6457790254662121,0.7007561333841049,0.35422097453378787,0.08409
meta_gate,complete_validation,0.65,0.7967302129445035,0.9682171947554612,0.039188112074359786,0.0016642630434667112,0.09852572711341295,0.09974,0.8430493273542601,0.5089232003208342,0.63469834323226,0.49107679967916584,0.06021
meta_gate,complete_validation,0.75,0.7967302129445035,0.9682171947554612,0.039188112074359786,0.0016642630434667112,0.09852572711341295,0.09974,0.8941741217543094,0.4108682574694205,0.5630280964484441,0.5891317425305795,0.04583
meta_gate,complete_validation,0.85,0.7967302129445035,0.9682171947554612,0.039188112074359786,0.0016642630434667112,0.09852572711341295,0.09974,0.929296131896005,0.2938640465209545,0.44652650822669104,0.7061359534790455,0.03154
