factorial_cell,candidate_id,scope,mae,rmse,bottom_90_mae,top_decile_mae,top_five_percent_mae,top_decile_signed_error,top_decile_underprediction_rate
Old Gate + Direct Specialist,stage1_raw_t85_a50_cap25,selection,62.36682108086112,126.24240479525255,48.17760353596483,189.8269515312217,269.317777437697,-123.18747976110537,0.7547062179121506
Old Gate + Direct Specialist,stage1_raw_t85_a50_cap25,audit,61.89634964650848,119.1606518405913,48.33987744680319,183.85942626091816,255.92834119874408,-120.47322905541547,0.7504165278240587
Old Gate + Direct Specialist,stage1_raw_t85_a50_cap25,complete_validation,62.22567965055535,124.16029809107368,48.22629093879774,188.0384222856229,265.28331410121524,-122.37399066015904,0.7534205532807351
Meta Gate + Direct Specialist,stage2_meta_t65_a50_cap25,selection,62.41208430478782,126.66133160822145,47.637243394318496,195.13280296831343,278.058785710543,-132.69482385079624,0.7810895607529948
Meta Gate + Direct Specialist,stage2_meta_t65_a50_cap25,audit,61.89191166598925,119.57118131838494,47.8019984633308,188.6541797628155,264.1828666202583,-129.75669049971162,0.7794068643785405
Meta Gate + Direct Specialist,stage2_meta_t65_a50_cap25,complete_validation,62.256032513148256,124.57666421886448,47.686675224563565,193.19109236812372,273.86445960251,-131.8142347979045,0.7805852391890542
Meta Gate + Residual Specialist,stage3_residual_t75_a75,selection,62.352822902563055,124.92751632600329,47.62653391020678,194.63740519727745,276.4430643084679,-128.02609651481092,0.7778094694808899
Meta Gate + Residual Specialist,stage3_residual_t75_a75,audit,61.83226782228434,118.51375661845988,47.76810417312595,188.36287574085395,263.17237378377126,-125.72179606917946,0.7760746417860713
Meta Gate + Residual Specialist,stage3_residual_t75_a75,complete_validation,62.19665637847944,123.03849880063773,47.66900955145002,192.75686361146623,272.4247000436479,-127.33547376065734,0.7772895236192949
Old Gate + Residual Specialist,nf_oldraw_residual_symcap25,selection,62.331590634607046,125.78567201036152,48.1523638525501,189.7019751965299,268.84635905997607,-121.55105357864966,0.7538505419281232
Old Gate + Residual Specialist,nf_oldraw_residual_symcap25,audit,61.848542900485924,118.84876520848202,48.30458700089913,183.6990145209271,255.7358099026149,-118.73912951272848,0.7480839720093302
Old Gate + Residual Specialist,nf_oldraw_residual_symcap25,complete_validation,62.18667631437073,123.74543787810134,48.19803570273153,187.90282559226705,264.887624474599,-120.70829075813337,0.7521222410865874
