sensitive_field,group_label,tail_scope,n,mean_target,median_target,d10_fraction,top5_target_fraction,analysis_status,target_composition_warning,primary_tail_mae,global_tail_mae,primary_signed_error,global_signed_error,primary_underprediction_rate,global_underprediction_rate,primary_minus_global_tail_mae
applicant_ethnicity_name,Hispanic or Latino,IID_GLOBAL_TOP_DECILE,487,601.2731006160164,540.0,0.9958932238193019,0.3470225872689938,ELIGIBLE,Common IID-global Tail mask; descriptive only.,138.26847062077934,140.036960394567,-100.89987140505185,-106.99350939728053,0.8193018480492813,0.8275154004106776,-1.7684897737876497
applicant_ethnicity_name,"Information not provided by applicant in mail, Internet, or telephone application",IID_GLOBAL_TOP_DECILE,986,757.5933062880324,600.0,1.0,0.5283975659229209,ELIGIBLE,Common IID-global Tail mask; descriptive only.,198.82705090049456,205.16881365175604,-133.02853131619526,-150.03648551326833,0.7789046653144016,0.7981744421906694,-6.341762751261484
applicant_ethnicity_name,Not Hispanic or Latino,IID_GLOBAL_TOP_DECILE,6025,717.9759336099585,595.0,0.9966804979253112,0.5125311203319503,ELIGIBLE,Common IID-global Tail mask; descriptive only.,194.6203088368259,196.82318184009785,-131.36537163486844,-143.4617351889515,0.7719502074688797,0.7885477178423237,-2.2028730032719466
applicant_ethnicity_name,Hispanic or Latino,IID_TOP5_TARGET,169,789.7455621301775,675.0,1.0,1.0,ELIGIBLE,Common IID-global Tail mask; descriptive only.,215.28591253959124,222.36530177735673,-177.77310475250678,-191.29271331440322,0.893491124260355,0.9053254437869822,-7.079389237765497
applicant_ethnicity_name,"Information not provided by applicant in mail, Internet, or telephone application",IID_TOP5_TARGET,521,979.4529750479846,768.0,1.0,1.0,ELIGIBLE,Common IID-global Tail mask; descriptive only.,277.4025195792621,291.60471021333984,-212.21174983936643,-241.7530005100846,0.8099808061420346,0.8426103646833013,-14.202190634077738
applicant_ethnicity_name,Not Hispanic or Latino,IID_TOP5_TARGET,3088,919.342292746114,744.0,1.0,1.0,ELIGIBLE,Common IID-global Tail mask; descriptive only.,274.46826849534403,280.93690254583254,-203.40675206926147,-224.3393105484715,0.7956606217616581,0.8202720207253886,-6.468634050488504
co_applicant_ethnicity_name,Hispanic or Latino,IID_GLOBAL_TOP_DECILE,296,622.168918918919,553.5,1.0,0.39864864864864863,ELIGIBLE,Common IID-global Tail mask; descriptive only.,138.6511987757819,140.95860750038332,-102.30009370801892,-108.31781885956534,0.7972972972972973,0.7972972972972973,-2.30740872460143
co_applicant_ethnicity_name,"Information not provided by applicant in mail, Internet, or telephone application",IID_GLOBAL_TOP_DECILE,622,747.3601286173633,599.0,1.0,0.5192926045016077,ELIGIBLE,Common IID-global Tail mask; descriptive only.,186.7043816514988,191.76858003604335,-112.8098844320738,-129.4593932969289,0.7652733118971061,0.7781350482315113,-5.0641983845445395
co_applicant_ethnicity_name,No co-applicant,IID_GLOBAL_TOP_DECILE,2971,709.863345674857,588.0,0.9962975429148435,0.4930999663412992,ELIGIBLE,Common IID-global Tail mask; descriptive only.,191.7107326236176,194.137495286307,-135.45238666995476,-148.32243919476073,0.7919892292157523,0.8125210366879838,-2.4267626626894128
co_applicant_ethnicity_name,Not Hispanic or Latino,IID_GLOBAL_TOP_DECILE,3609,723.7267941257966,599.0,0.9969520642837351,0.5195344970906068,ELIGIBLE,Common IID-global Tail mask; descriptive only.,197.58165392785938,200.16232634745683,-130.73103707524186,-142.5082217746217,0.7625380991964533,0.7775006927126628,-2.580672419597448
co_applicant_ethnicity_name,Hispanic or Latino,IID_TOP5_TARGET,118,807.6355932203389,681.0,1.0,1.0,ELIGIBLE,Common IID-global Tail mask; descriptive only.,213.79596720981644,221.23028703031125,-184.0588490805916,-196.01505903660112,0.9067796610169492,0.9067796610169492,-7.434319820494807
co_applicant_ethnicity_name,"Information not provided by applicant in mail, Internet, or telephone application",IID_TOP5_TARGET,323,966.077399380805,766.0,1.0,1.0,ELIGIBLE,Common IID-global Tail mask; descriptive only.,262.1568082438223,274.2105139805711,-185.39180380404656,-214.8533667764696,0.804953560371517,0.8297213622291022,-12.053705736748782
co_applicant_ethnicity_name,No co-applicant,IID_TOP5_TARGET,1465,919.8150170648464,738.0,1.0,1.0,ELIGIBLE,Common IID-global Tail mask; descriptive only.,276.96359282165383,283.98193409465125,-207.96884795698506,-231.28142573554732,0.81160409556314,0.842320819112628,-7.018341272997418
co_applicant_ethnicity_name,Not Hispanic or Latino,IID_TOP5_TARGET,1875,924.56,750.0,1.0,1.0,ELIGIBLE,Common IID-global Tail mask; descriptive only.,275.5796436334522,282.77344308212986,-205.55109839387524,-225.54880175701547,0.7872,0.8096,-7.19379944867768
applicant_race_name_1,Asian,IID_GLOBAL_TOP_DECILE,1185,697.3215189873417,600.0,0.9974683544303797,0.529113924050633,ELIGIBLE,Common IID-global Tail mask; descriptive only.,155.58076801147473,157.5939211285019,-86.2540786133347,-97.54972012468424,0.7232067510548523,0.7409282700421941,-2.013153117027173
applicant_race_name_1,Black or African American,IID_GLOBAL_TOP_DECILE,224,631.9196428571429,563.0,0.9955357142857143,0.40625,ELIGIBLE,Common IID-global Tail mask; descriptive only.,143.02620914022756,146.10085183640143,-106.82388601396552,-114.27843841354544,0.8348214285714286,0.8526785714285714,-3.0746426961738678
applicant_race_name_1,"Information not provided by applicant in mail, Internet, or telephone application",IID_GLOBAL_TOP_DECILE,1055,748.8853080568721,597.0,0.9990521327014218,0.5213270142180095,ELIGIBLE,Common IID-global Tail mask; descriptive only.,194.4898232716534,199.77212420106093,-130.63995481183878,-147.2026050143887,0.7753554502369668,0.7962085308056872,-5.2823009294075405
applicant_race_name_1,Native Hawaiian or Other Pacific Islander,IID_GLOBAL_TOP_DECILE,52,598.5,542.0,1.0,0.28846153846153844,ELIGIBLE,Common IID-global Tail mask; descriptive only.,127.88167519940211,129.87805881415315,-87.20816371815698,-93.70028286211722,0.7884615384615384,0.8076923076923077,-1.9963836147510392
applicant_race_name_1,White,IID_GLOBAL_TOP_DECILE,4945,719.0184024266937,592.0,0.9965621840242669,0.5017189079878666,ELIGIBLE,Common IID-global Tail mask; descriptive only.,202.9674894195471,205.30138622381128,-141.61894308500624,-153.65912076493154,0.7858442871587462,0.8008088978766431,-2.333896804264185
applicant_race_name_1,Asian,IID_TOP5_TARGET,627,866.3460925039873,736.0,1.0,1.0,ELIGIBLE,Common IID-global Tail mask; descriptive only.,206.2455802465886,211.907483078147,-130.14346455349377,-148.97908281821162,0.7496012759170654,0.773524720893142,-5.661902831558422
applicant_race_name_1,Black or African American,IID_TOP5_TARGET,91,817.4725274725274,670.0,1.0,1.0,ELIGIBLE,Common IID-global Tail mask; descriptive only.,219.9260376021683,228.11333840878777,-169.35767253453238,-184.69633858396315,0.8791208791208791,0.8901098901098901,-8.187300806619476
applicant_race_name_1,"Information not provided by applicant in mail, Internet, or telephone application",IID_TOP5_TARGET,550,969.670909090909,765.5,1.0,1.0,ELIGIBLE,Common IID-global Tail mask; descriptive only.,272.92591592636967,285.33850808958925,-206.0313004958803,-235.08179821609193,0.8018181818181818,0.8363636363636363,-12.412592163219585
applicant_race_name_1,White,IID_TOP5_TARGET,2481,931.0842402257155,744.0,1.0,1.0,ELIGIBLE,Common IID-global Tail mask; descriptive only.,291.5742240377412,298.5098308967936,-223.42779778317862,-244.65328213076134,0.8121725110842403,0.8355501813784765,-6.9356068590523705
co_applicant_race_name_1,Asian,IID_GLOBAL_TOP_DECILE,664,744.9277108433735,627.0,0.9984939759036144,0.5873493975903614,ELIGIBLE,Common IID-global Tail mask; descriptive only.,176.85376390711414,180.67174783174343,-92.27284102391779,-105.57129501259033,0.7168674698795181,0.7304216867469879,-3.8179839246292886
co_applicant_race_name_1,Black or African American,IID_GLOBAL_TOP_DECILE,114,628.7368421052631,550.0,1.0,0.42105263157894735,ELIGIBLE,Common IID-global Tail mask; descriptive only.,150.3181658756946,152.75682563528147,-113.88956042039483,-120.9503804353672,0.8245614035087719,0.8333333333333334,-2.4386597595868693
co_applicant_race_name_1,"Information not provided by applicant in mail, Internet, or telephone application",IID_GLOBAL_TOP_DECILE,666,734.3018018018018,590.5,0.996996996996997,0.4984984984984985,ELIGIBLE,Common IID-global Tail mask; descriptive only.,181.957577800866,186.2012695349633,-111.01815898455267,-126.59805469238802,0.7507507507507507,0.7657657657657657,-4.243691734097297
co_applicant_race_name_1,No co-applicant,IID_GLOBAL_TOP_DECILE,2971,709.863345674857,588.0,0.9962975429148435,0.4930999663412992,ELIGIBLE,Common IID-global Tail mask; descriptive only.,191.7107326236176,194.137495286307,-135.45238666995476,-148.32243919476073,0.7919892292157523,0.8125210366879838,-2.4267626626894128
co_applicant_race_name_1,White,IID_GLOBAL_TOP_DECILE,3058,716.5624591236102,592.0,0.9973839110529757,0.5035971223021583,ELIGIBLE,Common IID-global Tail mask; descriptive only.,200.03852558237796,202.4995924664446,-138.1522772370584,-149.4534754567422,0.7769784172661871,0.7907128842380641,-2.461066884066639
co_applicant_race_name_1,Asian,IID_TOP5_TARGET,390,909.9282051282051,759.5,1.0,1.0,ELIGIBLE,Common IID-global Tail mask; descriptive only.,220.5681173636463,228.7461030472736,-141.0506859895582,-161.59049895836503,0.7461538461538462,0.7666666666666667,-8.177985683627298
co_applicant_race_name_1,"Information not provided by applicant in mail, Internet, or telephone application",IID_TOP5_TARGET,332,960.289156626506,765.0,1.0,1.0,ELIGIBLE,Common IID-global Tail mask; descriptive only.,261.3221617214652,272.3361385942838,-188.04226639881898,-216.37958643380017,0.7981927710843374,0.8283132530120482,-11.013976872818603
co_applicant_race_name_1,No co-applicant,IID_TOP5_TARGET,1465,919.8150170648464,738.0,1.0,1.0,ELIGIBLE,Common IID-global Tail mask; descriptive only.,276.96359282165383,283.98193409465125,-207.96884795698506,-231.28142573554732,0.81160409556314,0.842320819112628,-7.018341272997418
co_applicant_race_name_1,White,IID_TOP5_TARGET,1540,924.5577922077922,743.0,1.0,1.0,ELIGIBLE,Common IID-global Tail mask; descriptive only.,286.7405387743532,293.8771648156951,-220.69917201730763,-240.39491538764202,0.8058441558441558,0.8266233766233766,-7.136626041341913
applicant_sex_name,Female,IID_GLOBAL_TOP_DECILE,1410,644.1248226950355,565.0,0.9964539007092199,0.43617021276595747,ELIGIBLE,Common IID-global Tail mask; descriptive only.,158.09190565630107,158.54896666198542,-90.69306085188596,-99.54332529640189,0.7553191489361702,0.7737588652482269,-0.45706100568435204
applicant_sex_name,"Information not provided by applicant in mail, Internet, or telephone application",IID_GLOBAL_TOP_DECILE,623,782.8154093097913,607.0,1.0,0.5441412520064205,ELIGIBLE,Common IID-global Tail mask; descriptive only.,212.92190928641588,220.2793363373404,-146.17088065221577,-165.1729982245047,0.7784911717495987,0.797752808988764,-7.357427050924514
applicant_sex_name,Male,IID_GLOBAL_TOP_DECILE,5468,726.2968178493051,598.0,0.9968910021945867,0.5166422823701536,ELIGIBLE,Common IID-global Tail mask; descriptive only.,197.7181353764474,200.4947094909961,-137.81166449922716,-150.3070450280087,0.7810899780541332,0.7966349670811997,-2.77657411454868
applicant_sex_name,Female,IID_TOP5_TARGET,615,826.640650406504,706.0,1.0,1.0,ELIGIBLE,Common IID-global Tail mask; descriptive only.,225.72758852947646,229.8053515477596,-150.7281241388248,-167.15011377944728,0.7853658536585366,0.816260162601626,-4.07776301828315
applicant_sex_name,"Information not provided by applicant in mail, Internet, or telephone application",IID_TOP5_TARGET,339,1014.4837758112094,793.0,1.0,1.0,ELIGIBLE,Common IID-global Tail mask; descriptive only.,296.63773823259476,312.51895164452804,-229.69559004670927,-261.9837670782561,0.8112094395280236,0.8436578171091446,-15.881213411933288
applicant_sex_name,Male,IID_TOP5_TARGET,2825,931.329203539823,744.0,1.0,1.0,ELIGIBLE,Common IID-global Tail mask; descriptive only.,279.4139190171176,286.734040945102,-211.83021656084154,-233.51882908740015,0.8046017699115044,0.8276106194690266,-7.32012192798436
co_applicant_sex_name,Female,IID_GLOBAL_TOP_DECILE,3316,725.470747889023,599.0,0.996984318455971,0.5180940892641737,ELIGIBLE,Common IID-global Tail mask; descriptive only.,197.24133548692095,200.60445030095843,-138.47543884943238,-150.1255544474319,0.7813630880579011,0.793124246079614,-3.3631148140374876
co_applicant_sex_name,"Information not provided by applicant in mail, Internet, or telephone application",IID_GLOBAL_TOP_DECILE,405,752.9481481481481,596.0,1.0,0.5135802469135803,ELIGIBLE,Common IID-global Tail mask; descriptive only.,197.58609989856444,202.1730908866302,-125.62183248939971,-142.47300110502798,0.762962962962963,0.7753086419753087,-4.586990988065764
co_applicant_sex_name,Male,IID_GLOBAL_TOP_DECILE,807,682.4126394052045,582.0,0.9987608426270136,0.48203221809169766,ELIGIBLE,Common IID-global Tail mask; descriptive only.,168.66222291303154,168.84715692256134,-76.99811009888906,-88.3947455459436,0.7001239157372986,0.7224287484510533,-0.18493400952979755
co_applicant_sex_name,No co-applicant,IID_GLOBAL_TOP_DECILE,2971,709.863345674857,588.0,0.9962975429148435,0.4930999663412992,ELIGIBLE,Common IID-global Tail mask; descriptive only.,191.7107326236176,194.137495286307,-135.45238666995476,-148.32243919476073,0.7919892292157523,0.8125210366879838,-2.4267626626894128
co_applicant_sex_name,Female,IID_TOP5_TARGET,1718,928.8608847497089,744.0,1.0,1.0,ELIGIBLE,Common IID-global Tail mask; descriptive only.,276.60873851857275,285.1042147550789,-215.92209552830437,-235.9137017313816,0.810244470314319,0.8282887077997672,-8.495476236506136
co_applicant_sex_name,"Information not provided by applicant in mail, Internet, or telephone application",IID_TOP5_TARGET,208,984.2163461538462,786.5,1.0,1.0,ELIGIBLE,Common IID-global Tail mask; descriptive only.,282.4551787650686,294.22811412179146,-209.2764361136406,-239.1935907543054,0.8028846153846154,0.8269230769230769,-11.772935356722883
co_applicant_sex_name,Male,IID_TOP5_TARGET,389,873.3213367609254,732.0,1.0,1.0,ELIGIBLE,Common IID-global Tail mask; descriptive only.,237.93393113532366,241.0279278369976,-134.7802869997843,-154.94187205390514,0.7275064267352185,0.7634961439588689,-3.0939967016739445
co_applicant_sex_name,No co-applicant,IID_TOP5_TARGET,1465,919.8150170648464,738.0,1.0,1.0,ELIGIBLE,Common IID-global Tail mask; descriptive only.,276.96359282165383,283.98193409465125,-207.96884795698506,-231.28142573554732,0.81160409556314,0.842320819112628,-7.018341272997418
majority_minority_tract,Majority minority,IID_GLOBAL_TOP_DECILE,1834,644.0278080697929,568.0,0.9978189749182116,0.4416575790621592,ELIGIBLE,Common IID-global Tail mask; descriptive only.,147.85746374139552,150.19534306325875,-102.93617944810961,-110.53731871276774,0.7862595419847328,0.7966194111232279,-2.337879321863227
majority_minority_tract,Not majority minority,IID_GLOBAL_TOP_DECILE,5669,739.33286293879,600.0,0.9968248368318927,0.52407832069148,ELIGIBLE,Common IID-global Tail mask; descriptive only.,206.23623200875642,209.0749531635193,-138.72095752893946,-152.64959313847837,0.7726230375727642,0.7909684247662727,-2.8387211547628795
majority_minority_tract,Majority minority,IID_TOP5_TARGET,810,821.9888888888889,692.0,1.0,1.0,ELIGIBLE,Common IID-global Tail mask; descriptive only.,215.58581381645448,222.29182952346304,-168.12932510832871,-182.60647824685145,0.8271604938271605,0.8382716049382716,-6.706015707008561
majority_minority_tract,Not majority minority,IID_TOP5_TARGET,2971,950.0545270952541,760.0,1.0,1.0,ELIGIBLE,Common IID-global Tail mask; descriptive only.,288.70533803387093,296.48351639143516,-213.9005100060484,-237.7473776681756,0.7950185122854257,0.8239649949511949,-7.778178357564229
