candidate_id,stage,scope,threshold,alpha,cap,capped,n_rows,mae,rmse,r2,rmsle,median_absolute_error,p90_absolute_error,mean_signed_error,negative_prediction_count,negative_prediction_rate,bottom_90_mae,top_decile_mae,top_five_percent_mae,top_decile_signed_error,top_five_percent_signed_error,top_decile_underprediction_rate,top_five_percent_underprediction_rate,p85_to_p95_boundary_mae,top_decile_rows,top_five_percent_rows,boundary_rows,operational_tail_rows,operational_body_rows,operational_tail_mae,operational_body_mae,operational_tail_signed_error,operational_body_signed_error,operational_tail_underprediction_rate,operational_body_underprediction_rate,parent_candidate_id
stage2_meta_t65_a25,Stage 2,selection,0.65,0.25,,False,70000,62.452134750789085,126.96990375597501,0.6960675745819109,0.3908266830353941,36.91201995063655,132.35260494731725,-8.536984051292462,17,0.00024285714285714286,47.58685918017633,195.98521770026943,280.46958893204453,-136.1738259885743,-213.386332309941,0.787934968625214,0.8135496726444634,99.28011704333063,7012,3513,7040,6982,63018,196.45139839543774,47.605854977280934,-136.55685060425841,5.6468159466891965,0.7883128043540533,0.47613380304040115,
stage2_meta_t65_a25,Stage 2,audit,0.65,0.25,,False,30000,61.922198625923876,119.86799994574582,0.7024206239110347,0.39062970749898973,36.459483142184894,133.73037125698568,-8.737026349806339,9,0.0003,47.743996602457095,189.47877191202176,266.75163925836995,-133.25070245346396,-205.9032359479298,0.7844051982672442,0.8146179401993355,100.45734044737266,3001,1505,3009,2992,27008,189.73493641056322,47.76284912016111,-133.36136703008862,5.069106178163321,0.7840909090909091,0.4741187796208531,
stage2_meta_t65_a25,Stage 2,complete_validation,0.65,0.25,,False,100000,62.293153913329526,124.88174704559145,0.6978519707430815,0.39076760079993555,36.81037393670378,132.84699297222397,-8.596996740846627,26,0.00026,47.63400547090898,194.03516838332837,276.32653819339123,-135.2977355332796,-211.2067133056384,0.7868770598222311,0.8140322902132748,99.55548174299679,10013,5017,10038,9974,90026,194.4365944793816,47.65295356892009,-135.59826960827726,5.473501732702718,0.7870463204331262,0.4755292915380001,
stage2_meta_t65_a50,Stage 2,selection,0.65,0.5,,False,70000,62.41801699015408,126.54097931239937,0.6981175698549575,0.39080351134864094,36.91003679194583,132.2606377537882,-8.108010653205005,17,0.00024285714285714286,47.6412240725128,195.15627031251412,278.0612050081569,-132.37987220998397,-207.12786575709342,0.7806617227609812,0.8047253060062625,99.84378181443834,7012,3513,7040,6982,63018,195.6179267865879,47.660300620248634,-132.74755753559242,5.701271081106287,0.7810083070753365,0.47613380304040115,
stage2_meta_t65_a50,Stage 2,audit,0.65,0.5,,False,30000,61.8796168853381,119.48592807827205,0.7043146324432238,0.39062748101069833,36.450139473222286,133.65229770205613,-8.313029688224171,9,0.0003,47.807274246653165,188.48380845543298,263.82645461875165,-129.58143663146623,-200.03430535572494,0.7794068643785405,0.8073089700996677,101.22788058380286,3001,1505,3009,2992,27008,188.7369800826144,47.82610567805691,-129.68106397801137,5.132362736059126,0.7790775401069518,0.4741187796208531,
stage2_meta_t65_a50,Stage 2,complete_validation,0.65,0.5,,False,100000,62.25649695870928,124.46646019854731,0.6998581801432311,0.3907507105737981,36.795317423206356,132.7842813592994,-8.169516363710754,26,0.00026,47.69104447603348,193.15646425707618,273.75923714491586,-131.54115202910592,-205.06476888022064,0.7802856286827125,0.8054614311341439,100.18344326804369,10013,5017,10038,9974,90026,193.55378075307192,47.710042505940386,-131.82767095806258,5.530597313716491,0.7804291157008222,0.4755292915380001,
stage2_meta_t65_a75,Stage 2,selection,0.65,0.75,,False,70000,62.40893261188129,126.23675750356746,0.6995673582544886,0.3908186539952836,36.930043719271794,132.49996897173287,-7.679037255117543,17,0.00024285714285714286,47.69558896484926,194.57722833909955,276.0915158391273,-128.58591843139362,-200.8693992042459,0.7739589275527667,0.7947623114147452,100.43744688263988,7012,3513,7040,6982,63018,195.03543437644285,47.71474626321635,-128.9382644669264,5.755726215523376,0.7742767115439703,0.47613380304040115,
stage2_meta_t65_a75,Stage 2,audit,0.65,0.75,,False,30000,61.86393366245874,119.22075717302211,0.705625584364098,0.3906657309576044,36.46589235864137,133.70845473301594,-7.889033026642002,9,0.0003,47.87055189084924,187.75774054405977,261.4123309543236,-125.9121708094685,-194.16537476352005,0.7724091969343552,0.7966777408637874,102.01098594573345,3001,1505,3009,2992,27008,188.00872814343285,47.88936223595272,-126.0007609259341,5.195619293954932,0.7720588235294118,0.4741187796208531,
stage2_meta_t65_a75,Stage 2,complete_validation,0.65,0.75,,False,100000,62.24543292705454,124.17358794760968,0.7012689986267331,0.390772783367613,36.82881305709324,132.91907224169523,-7.742035986574881,26,0.00026,47.74808348115799,192.5333570844392,271.6542043430503,-127.78456852493231,-198.9228244548029,0.7734944572056327,0.7952959936216862,100.83687856501898,10013,5017,10038,9974,90026,192.92756340700575,47.76713144296068,-128.05707230784793,5.587692894730266,0.7736113896129938,0.4755292915380001,
stage2_meta_t75_a25,Stage 2,selection,0.75,0.25,,False,70000,62.47074606782719,127.06259444311783,0.6956236585436912,0.39083618774460066,36.918896757000084,132.19701192974705,-8.676208682013048,17,0.00024285714285714286,47.55561701913856,196.4516571515124,281.5786964252031,-137.28295958509972,-214.9488047330112,0.790501996577296,0.815826928551096,99.07768503007772,7012,3513,7040,6982,63018,196.92034429450098,47.57457204106286,-137.67024761710468,5.615523519021732,0.7908908622171298,0.47613380304040115,
stage2_meta_t75_a25,Stage 2,audit,0.75,0.25,,False,30000,61.93508834016173,119.96401651622269,0.7019436993818726,0.390635685251693,36.460348366544935,133.73037125698568,-8.870593307017197,9,0.0003,47.71306682963856,189.8858909934823,267.76830393974785,-134.30766206026107,-207.37054863509542,0.7874041986004665,0.815282392026578,100.23417277030433,3001,1505,3009,2992,27008,190.1432801149292,47.731929654212955,-134.42150599399176,5.0381867122151744,0.7870989304812834,0.4741187796208531,
stage2_meta_t75_a25,Stage 2,complete_validation,0.75,0.25,,False,100000,62.310048749527574,124.97536402124511,0.6973987934346844,0.39077604779864755,36.81405137925785,132.84699297222397,-8.734524069514292,26,0.00026,47.60285703640427,194.48382890420905,277.40930632434055,-136.39123204369946,-212.74292641812357,0.7895735543793069,0.8160255132549332,99.34651991837717,10013,5017,10038,9974,90026,194.887360935239,47.62177967459047,-136.6956902743782,5.442321194379612,0.789753358732705,0.4755292915380001,
stage2_meta_t75_a50,Stage 2,selection,0.75,0.5,,False,70000,62.44410250708978,126.69723569877567,0.6973715635891511,0.3908074000489129,36.91201995063655,132.1093988836073,-8.386459914646169,17,0.00024285714285714286,47.57873975043726,195.97796863886808,280.11381131174267,-134.59813940303476,-210.2528106032339,0.7855105533371364,0.8087105038428694,99.41081908091513,7012,3513,7040,6982,63018,196.44416029198484,47.59773474781248,-134.97435156128492,5.638686225771355,0.7858779719278144,0.47613380304040115,
stage2_meta_t75_a50,Stage 2,audit,0.75,0.5,,False,30000,61.899409447201684,119.64922096030654,0.7035058960622942,0.3906230593077792,36.44965566947327,133.7296254217306,-8.580163602645886,9,0.0003,47.74541470101611,189.23819790180502,265.78857015657815,-131.6953558450605,-202.9689307300562,0.7837387537487505,0.8106312292358804,100.75747437827206,3001,1505,3009,2992,27008,189.49363874857778,47.764266746160615,-131.80134190581765,5.070523804162833,0.7834224598930482,0.4741187796208531,
stage2_meta_t75_a50,Stage 2,complete_validation,0.75,0.5,,False,100000,62.28069458912334,124.62469055737013,0.699094573063133,0.3907521069578312,36.799883047942984,132.71632417433432,-8.444571021046084,26,0.00026,47.62874760702407,193.95798941366826,275.78578077220226,-133.7281450499457,-208.13719510519098,0.7849795266153999,0.8096471995216264,99.73800975893104,10013,5017,10038,9974,90026,194.35914320176286,47.64769471728114,-134.02251229026444,5.46823623707028,0.7851413675556447,0.4755292915380001,
stage2_meta_t75_a75,Stage 2,selection,0.75,0.75,,False,70000,62.43661909408952,126.42701400286472,0.6986610875717285,0.39080323206357875,36.92638455026033,132.33048940883452,-8.096711147279292,17,0.00024285714285714286,47.60186248173594,195.6955537060301,279.0086824149301,-131.91331922096984,-205.55681647345665,0.7818026240730177,0.8018787361229718,99.75494556818973,7012,3513,7040,6982,63018,196.16007172653568,47.6208974545621,-132.27845550546513,5.661848932520979,0.7821541105700373,0.47613380304040115,
stage2_meta_t75_a75,Stage 2,audit,0.75,0.75,,False,30000,61.88206479712188,119.42216126340111,0.7046301488087954,0.39063629601808336,36.459483142184894,133.66295861626273,-8.289733898274573,9,0.0003,47.777762572393655,188.77378614515172,264.154225451391,-129.0830496298599,-198.56731282501698,0.7797400866377874,0.8039867109634552,101.29081810124254,3001,1505,3009,2992,27008,189.0278300314265,47.796603838108275,-129.1811778176435,5.102860896110491,0.7794117647058824,0.4741187796208531,
stage2_meta_t75_a75,Stage 2,complete_validation,0.75,0.75,,False,100000,62.270252804999224,124.3669919593737,0.7003377093116309,0.39075315873829586,36.81957870792593,132.85429036766251,-8.154617972577878,26,0.00026,47.654638177643875,193.6210281442408,274.51777328891933,-131.06505805619196,-203.5314637922584,0.7811844602017377,0.8028702411799881,100.1409901346569,10013,5017,10038,9974,90026,194.0205422346802,47.673609759971825,-131.3493343061507,5.494151279760948,0.7813314618006818,0.4755292915380001,
stage2_meta_t85_a25,Stage 2,selection,0.85,0.25,,False,70000,62.49295140644239,127.19048896153531,0.6950106117654529,0.39085747604978094,36.918896757000084,132.1093988836073,-8.802548113222981,17,0.00024285714285714286,47.53914155950009,196.82132770980837,282.60202517109974,-138.39619460121312,-216.7310774432807,0.7932116371933827,0.8183888414460575,98.87623986081918,7012,3513,7040,6982,63018,197.29184678540037,47.55807744129142,-138.78802239457517,5.599028919250296,0.7936121455170438,0.47613380304040115,
stage2_meta_t85_a25,Stage 2,audit,0.85,0.25,,False,30000,61.95179932714045,120.13476140646833,0.7010946479940037,0.3906593347508794,36.47355574935614,133.8141727698562,-9.002853896533132,9,0.0003,47.693921168572494,190.2251923305313,268.79477818962823,-135.4575800817058,-209.19990580200826,0.7877374208597134,0.8159468438538205,99.96146323777232,3001,1505,3009,2992,27008,190.48360207765788,47.712790373143555,-135.57488299344215,5.019047431145771,0.7874331550802139,0.4741187796208531,
stage2_meta_t85_a25,Stage 2,complete_validation,0.85,0.25,,False,100000,62.330605782651816,125.1155570145009,0.6967195177498994,0.3907980442085188,36.81765810638727,132.81503345203112,-8.862639848216025,26,0.00026,47.58558043028527,194.8443974917708,278.4357501619588,-137.5154613371523,-214.5398033973489,0.7915709577549186,0.8180187362965916,99.12322509630015,10013,5017,10038,9974,90026,195.24950989292336,47.60449166455428,-137.8241450045421,5.425033184343414,0.7917585722879487,0.4755292915380001,
stage2_meta_t85_a50,Stage 2,selection,0.85,0.5,,False,70000,62.48108775983651,126.92297038583227,0.6962922252464886,0.39083761197151357,36.921658002118264,132.17253224345947,-8.639138777066037,17,0.00024285714285714286,47.545788831160316,196.64318258577163,282.03076210801385,-136.8246094352616,-213.8173560237729,0.7913576725613235,0.8149729575861088,98.99882077471538,7012,3513,7040,6982,63018,197.11271959720742,47.5647455482696,-137.2099011162259,5.6056970262284835,0.7917502148381552,0.47613380304040115,
stage2_meta_t85_a50,Stage 2,audit,0.85,0.5,,False,30000,61.92963655781836,119.95837436473572,0.7019717351096213,0.39065561007313077,36.46100201369799,133.6648076492498,-8.844684781677753,9,0.0003,47.70712337888399,189.88486258849122,267.7889971271973,-133.99519188794991,-206.62764506388191,0.7874041986004665,0.815282392026578,100.20647173099965,3001,1505,3009,2992,27008,190.1422486164739,47.72598818402181,-134.1080959047184,5.032245242024025,0.7870989304812834,0.4741187796208531,
stage2_meta_t85_a50,Stage 2,complete_validation,0.85,0.5,,False,100000,62.31565239923108,124.874383931065,0.6978875994079516,0.3907830203023153,36.81917143072219,132.78049581581905,-8.70080257844955,26,0.00026,47.59419439478607,194.61764395480802,277.73208990992094,-135.9766036368513,-211.73094906364165,0.7901727753919904,0.8154275463424357,99.28335863924889,10013,5017,10038,9974,90026,195.0217180758163,47.61311869720875,-136.2794217505922,5.433660216997884,0.7903549227992781,0.4755292915380001,
stage2_meta_t85_a75,Stage 2,selection,0.85,0.75,,False,70000,62.480374560159575,126.72012380147508,0.6972622128784558,0.3908310630485742,36.92265651126266,132.1659564073112,-8.47572944090909,17,0.00024285714285714286,47.552436102820536,196.57635110763135,281.6816750971644,-135.2530242693101,-210.90363460426514,0.7889332572732458,0.8101337887845147,99.1214054973502,7012,3513,7040,6982,63018,197.04538434327773,47.57141365524779,-135.63177983787662,5.612365133206673,0.7893153824119163,0.47613380304040115,
stage2_meta_t85_a75,Stage 2,audit,0.85,0.75,,False,30000,61.91307269845599,119.83694002198861,0.7025748201143833,0.3906643347775004,36.44965566947327,133.71335602010316,-8.686515666822377,9,0.0003,47.72032558919548,189.600503289234,266.8948222433655,-132.53280369419403,-204.0553843257555,0.7860713095634788,0.812624584717608,100.45148022422698,3001,1505,3009,2992,27008,189.85703395836197,47.73918599490006,-132.64130881599468,5.04544305290228,0.7857620320855615,0.4741187796208531,
stage2_meta_t85_a75,Stage 2,complete_validation,0.85,0.75,,False,100000,62.31018400164851,124.6950700771002,0.6987546154004418,0.3907810520364557,36.81654371735978,132.7450052627208,-8.538965308683078,26,0.00026,47.60280835928687,194.48561713149928,277.21748123657517,-134.43774593655036,-208.9220947299344,0.7880755018475981,0.8112417779549531,99.44349485339903,10013,5017,10038,9974,90026,194.88902336957932,47.62174572986323,-134.73469849664232,5.442287249652356,0.7882494485662723,0.4755292915380001,
stage2_meta_t65_a50_cap25,Stage 2,selection,0.65,0.5,109.5,True,70000,62.41208430478782,126.66133160822143,0.6975430599781868,0.39079083543124576,36.90488663905654,132.2578847400206,-8.14314173696898,17,0.00024285714285714286,47.637243394318496,195.13280296831343,278.058785710543,-132.69482385079624,-207.71209202534212,0.7810895607529948,0.8055792769712496,99.82161504952101,7012,3513,7040,6982,63018,195.59435860876843,47.65632183707394,-133.06386244899483,5.6972922979315985,0.7814379833858494,0.47613380304040115,stage2_meta_t65_a50
stage2_meta_t65_a50_cap25,Stage 2,audit,0.65,0.5,109.5,True,30000,61.89191166598925,119.57118131838494,0.7038925387448384,0.39062614438404036,36.450139473222286,133.6648076492498,-8.335308945975006,9,0.0003,47.801998463330804,188.6541797628155,264.1828666202583,-129.75669049971162,-200.36707684395864,0.7794068643785405,0.8073089700996677,101.17219542503472,3001,1505,3009,2992,27008,188.90786387053376,47.820831652808074,-129.8568450136412,5.127088710810287,0.7790775401069518,0.4741187796208531,stage2_meta_t65_a50
stage2_meta_t65_a50_cap25,Stage 2,complete_validation,0.65,0.5,109.5,True,100000,62.256032513148256,124.57666421886448,0.6993264468800868,0.390741435405612,36.79161284397892,132.7842813592994,-8.200791899670786,26,0.00026,47.686675224563565,193.19109236812375,273.86445960251,-131.8142347979045,-205.57368017584542,0.7805852391890542,0.8060593980466414,100.1512047077975,10013,5017,10038,9974,90026,193.5885442657969,47.70567514726597,-132.10182152593708,5.526229955042073,0.7807298977341087,0.4755292915380001,stage2_meta_t65_a50
stage2_meta_t65_a50_cap50,Stage 2,selection,0.65,0.5,219.0,True,70000,62.415789915959394,126.5438877349781,0.6981036927414606,0.39079596074893125,36.91003679194583,132.2578847400206,-8.114229506795859,17,0.00024285714285714286,47.63981351868405,195.14670852856335,278.049351431262,-132.42928347450115,-207.21925948705731,0.7806617227609812,0.8047253060062625,99.84017306253048,7012,3513,7040,6982,63018,195.6083239179166,47.65889073792032,-132.79718110860796,5.69986119877798,0.7810083070753365,0.47613380304040115,stage2_meta_t65_a50
stage2_meta_t65_a50_cap50,Stage 2,audit,0.65,0.5,219.0,True,30000,61.88083767913616,119.48320057226051,0.7043281315125403,0.3906257261941723,36.450139473222286,133.65229770205613,-8.316446540283604,9,0.0003,47.806054169097685,188.50698895788628,263.8726770027134,-129.6046171339195,-200.0805277396866,0.7794068643785405,0.8073089700996677,101.21693313484285,3001,1505,3009,2992,27008,188.7602303125149,47.82488600707348,-129.70431420791186,5.1311430650756895,0.7790775401069518,0.4741187796208531,stage2_meta_t65_a50
stage2_meta_t65_a50_cap50,Stage 2,complete_validation,0.65,0.5,219.0,True,100000,62.255304244912416,124.46774454393889,0.699851985900197,0.39074489816988467,36.795317423206356,132.78049581581905,-8.174894616842181,26,0.00026,47.68969107122516,193.15671567611136,273.7648028360122,-131.5827016620488,-205.1426303235584,0.7802856286827125,0.8054614311341439,100.1776307070403,10013,5017,10038,9974,90026,193.55403315519735,47.7086896874381,-131.8693830569855,5.529244495214215,0.7804291157008222,0.4755292915380001,stage2_meta_t65_a50
stage2_meta_t65_a50_cap75,Stage 2,selection,0.65,0.5,328.5,True,70000,62.41801699015408,126.54097931239937,0.6981175698549575,0.39080351134864094,36.91003679194583,132.2606377537882,-8.108010653205005,17,0.00024285714285714286,47.6412240725128,195.15627031251412,278.0612050081569,-132.37987220998397,-207.12786575709342,0.7806617227609812,0.8047253060062625,99.84378181443834,7012,3513,7040,6982,63018,195.6179267865879,47.660300620248634,-132.74755753559242,5.701271081106287,0.7810083070753365,0.47613380304040115,stage2_meta_t65_a50
stage2_meta_t65_a50_cap75,Stage 2,audit,0.65,0.5,328.5,True,30000,61.8796168853381,119.48592807827205,0.7043146324432238,0.39062748101069833,36.450139473222286,133.65229770205613,-8.313029688224171,9,0.0003,47.807274246653165,188.48380845543298,263.82645461875165,-129.58143663146623,-200.03430535572494,0.7794068643785405,0.8073089700996677,101.22788058380286,3001,1505,3009,2992,27008,188.7369800826144,47.82610567805691,-129.68106397801137,5.132362736059126,0.7790775401069518,0.4741187796208531,stage2_meta_t65_a50
stage2_meta_t65_a50_cap75,Stage 2,complete_validation,0.65,0.5,328.5,True,100000,62.25649695870928,124.46646019854731,0.6998581801432311,0.3907507105737981,36.795317423206356,132.7842813592994,-8.169516363710754,26,0.00026,47.69104447603348,193.15646425707618,273.75923714491586,-131.54115202910592,-205.06476888022064,0.7802856286827125,0.8054614311341439,100.18344326804369,10013,5017,10038,9974,90026,193.55378075307192,47.710042505940386,-131.82767095806258,5.530597313716491,0.7804291157008222,0.4755292915380001,stage2_meta_t65_a50
stage2_meta_t75_a75_cap25,Stage 2,selection,0.75,0.75,109.5,True,70000,62.42649602111815,126.67746125825528,0.6974660224931382,0.3908042811936269,36.92357349191347,132.2295900795861,-8.170616490061224,17,0.00024285714285714286,47.599639986145455,195.6144606433172,278.89108081232297,-132.63114344265858,-206.94534289437829,0.7823730747290359,0.8030173640762881,99.73207633100661,7012,3513,7040,6982,63018,196.07863022614285,47.61867601700056,-132.9993640477856,5.659627494959433,0.7827270123173876,0.47613380304040115,stage2_meta_t75_a75
stage2_meta_t75_a75_cap25,Stage 2,audit,0.75,0.75,109.5,True,30000,61.89808375265705,119.59123137477292,0.7037932260342968,0.3906279635112685,36.460348366544935,133.66819797033946,-8.33924924425491,9,0.0003,47.76812832979572,189.02059840171847,264.7116389935922,-129.49136201356816,-199.31623087448722,0.7797400866377874,0.8039867109634552,101.1717291298376,3001,1505,3009,2992,27008,189.27538470454044,47.78697280597329,-129.59071841373594,5.093229863975511,0.7794117647058824,0.4741187796208531,stage2_meta_t75_a75
stage2_meta_t75_a75_cap25,Stage 2,complete_validation,0.75,0.75,109.5,True,100000,62.26797234057982,124.59391726768239,0.6992431584930918,0.3907513942426507,36.81846493087376,132.83332740798033,-8.221206316319329,26,0.00026,47.65019191909369,193.63821170822902,274.6026393345749,-131.6901183683851,-204.72839721485167,0.7815839408768601,0.8036675303966514,100.08925292159388,10013,5017,10038,9974,90026,194.03779298926352,47.66916542757723,-131.976838708195,5.489706947366362,0.7817325045117305,0.4755292915380001,stage2_meta_t75_a75
stage2_meta_t75_a75_cap50,Stage 2,selection,0.75,0.75,219.0,True,70000,62.43311479619885,126.50475735252984,0.698290370923941,0.3908047901125295,36.92715014247411,132.2604022399114,-8.11844437100956,17,0.00024285714285714286,47.60186248173594,195.66057069799436,278.9641787115445,-132.13027952632046,-205.9645495559404,0.7818026240730177,0.8018787361229718,99.7423092979691,7012,3513,7040,6982,63018,196.12493840480172,47.6208974545621,-132.49634803785108,5.661848932520979,0.7821541105700373,0.47613380304040115,stage2_meta_t75_a75
stage2_meta_t75_a75_cap50,Stage 2,audit,0.75,0.75,219.0,True,30000,61.88794159259937,119.4183986390892,0.7046487609032925,0.39062785200200123,36.460348366544935,133.66295861626273,-8.305686463653704,9,0.0003,47.7721840355626,188.88272275968887,264.37144723227203,-129.19233388359945,-198.7852278053973,0.7797400866377874,0.8039867109634552,101.24076329369798,3001,1505,3009,2992,27008,189.13709432963037,47.79102716023869,-129.29079080075596,5.0972842182409135,0.7794117647058824,0.4741187796208531,stage2_meta_t75_a75
stage2_meta_t75_a75_cap50,Stage 2,complete_validation,0.75,0.75,219.0,True,100000,62.269562835119,124.42123501650771,0.700076254994116,0.3907517170919892,36.82322333426298,132.83332740798033,-8.174616998802803,26,0.00026,47.65296443681573,193.62917934047366,274.5517731434604,-131.24974673157305,-203.88233649790678,0.7811844602017377,0.8028702411799881,100.11712340241397,10013,5017,10038,9974,90026,194.0287253034469,47.67193674422191,-131.53474514499078,5.492478264011037,0.7813314618006818,0.4755292915380001,stage2_meta_t75_a75
stage2_meta_t75_a75_cap75,Stage 2,selection,0.75,0.75,328.5,True,70000,62.43543295877564,126.4350561725667,0.6986227493135814,0.3908029971290028,36.92638455026033,132.33048940883452,-8.102464802159897,17,0.00024285714285714286,47.60186248173594,195.6837126518412,278.98504749549585,-131.97075730448984,-205.67146373837045,0.7818026240730177,0.8018787361229718,99.75494556818973,7012,3513,7040,6982,63018,196.148179794142,47.6208974545621,-132.33614038682322,5.661848932520979,0.7821541105700373,0.47613380304040115,stage2_meta_t75_a75
stage2_meta_t75_a75_cap75,Stage 2,audit,0.75,0.75,328.5,True,30000,61.88302145529472,119.41303233369118,0.7046753047081902,0.39063364099183645,36.459483142184894,133.66295861626273,-8.293431550840847,9,0.0003,47.77623974132948,188.79704994424756,264.20061393051844,-129.10631342895573,-198.61370130414434,0.7797400866377874,0.8039867109634552,101.27715412121542,3001,1505,3009,2992,27008,189.05116380852772,47.7950815145041,-129.20451159474467,5.101338572506316,0.7794117647058824,0.4741187796208531,stage2_meta_t75_a75
stage2_meta_t75_a75_cap75,Stage 2,complete_validation,0.75,0.75,328.5,True,100000,62.269709507731356,124.3700851808433,0.7003228028908248,0.3907521979949309,36.81957870792593,132.85429036766251,-8.159754826764182,26,0.00026,47.654181279248526,193.61970837884724,274.51513928236454,-131.1122537520602,-203.62565763374312,0.7811844602017377,0.8028702411799881,100.1368942075896,10013,5017,10038,9974,90026,194.0192173087843,47.6731530595086,-131.39671454504472,5.493694579297732,0.7813314618006818,0.4755292915380001,stage2_meta_t75_a75
stage2_meta_t75_a50_cap25,Stage 2,selection,0.75,0.5,109.5,True,70000,62.441208262609344,126.81444617414188,0.6968113677757193,0.3908119067723979,36.907562600694675,132.09744220523214,-8.412318271182611,17,0.00024285714285714286,47.57849523291011,195.9512721979624,280.08779673292236,-134.85408396771686,-210.73640783047998,0.78593839132915,0.8095644748078565,99.39721024167716,7012,3513,7040,6982,63018,196.41734914279678,47.59749034668898,-135.2313958591295,5.638441824647866,0.7863076482383271,0.47613380304040115,stage2_meta_t75_a50
stage2_meta_t75_a50_cap25,Stage 2,audit,0.75,0.5,109.5,True,30000,61.90757371655693,119.69205474484437,0.7032935714399903,0.3906174511762167,36.44965566947327,133.746514576987,-8.59604078790345,9,0.0003,47.740343774539774,189.36543483102577,266.056294850895,-131.80845335048951,-203.18043768915075,0.7837387537487505,0.8106312292358804,100.70496604185145,3001,1505,3009,2992,27008,189.62125840920328,47.75919750949243,-131.91477961096223,5.065454567494646,0.7834224598930482,0.4741187796208531,stage2_meta_t75_a50
stage2_meta_t75_a50_cap25,Stage 2,complete_validation,0.75,0.5,109.5,True,100000,62.28111789879361,124.72044347913008,0.6986320059352231,0.3907535802543278,36.795317423206356,132.71632417433432,-8.467435026198864,26,0.00026,47.62705501127208,193.97742840108063,275.84787693515847,-133.94127686871562,-208.53926706707114,0.7852791371217417,0.810245166434124,99.71272545802198,10013,5017,10038,9974,90026,194.37865819885135,47.64600285477549,-134.23647748991786,5.466544374564621,0.7854421495889312,0.4755292915380001,stage2_meta_t75_a50
stage2_meta_t75_a50_cap50,Stage 2,selection,0.75,0.5,219.0,True,70000,62.44331175021386,126.70686278047215,0.6973255714354425,0.3908075929228661,36.91201995063655,132.09744220523214,-8.390295684566572,17,0.00024285714285714286,47.57873975043726,195.9700746027422,280.09805469878654,-134.63643145871478,-210.32924211317646,0.7855105533371364,0.8087105038428694,99.41081908091513,7012,3513,7040,6982,63018,196.43623233705574,47.59773474781248,-135.01280814885698,5.638686225771355,0.7858779719278144,0.47613380304040115,stage2_meta_t75_a50
stage2_meta_t75_a50_cap50,Stage 2,audit,0.75,0.5,219.0,True,30000,61.90004721931691,119.64560593680153,0.7035238120496163,0.39062147864622415,36.44965566947327,133.7296254217306,-8.582628704356736,9,0.0003,47.744399480306654,189.25370710120225,265.8194958093297,-131.71086504445773,-202.99985638280776,0.7837387537487505,0.8106312292358804,100.74836505825402,3001,1505,3009,2992,27008,189.50919459997857,47.76325186375783,-131.8168977572184,5.069508921760049,0.7834224598930482,0.4741187796208531,stage2_meta_t75_a50
stage2_meta_t75_a50_cap50,Stage 2,complete_validation,0.75,0.5,219.0,True,100000,62.28033239094477,124.630500516382,0.6990665161999146,0.39075176794768823,36.799883047942984,132.70484924671203,-8.447995590503622,26,0.00026,47.628443008093846,193.95710957007253,275.78402476783236,-133.7596088471912,-208.1999909995141,0.7849795266153999,0.8096471995216264,99.73527914088616,10013,5017,10038,9974,90026,194.35825991783227,47.64739025030566,-134.0540991161938,5.467931770094803,0.7851413675556447,0.4755292915380001,stage2_meta_t75_a50
stage2_meta_t75_a50_cap75,Stage 2,selection,0.75,0.5,328.5,True,70000,62.44410250708978,126.69723569877567,0.6973715635891511,0.3908074000489129,36.91201995063655,132.1093988836073,-8.386459914646169,17,0.00024285714285714286,47.57873975043726,195.97796863886808,280.11381131174267,-134.59813940303476,-210.2528106032339,0.7855105533371364,0.8087105038428694,99.41081908091513,7012,3513,7040,6982,63018,196.44416029198484,47.59773474781248,-134.97435156128492,5.638686225771355,0.7858779719278144,0.47613380304040115,stage2_meta_t75_a50
stage2_meta_t75_a50_cap75,Stage 2,audit,0.75,0.5,328.5,True,30000,61.899409447201684,119.64922096030654,0.7035058960622942,0.3906230593077792,36.44965566947327,133.7296254217306,-8.580163602645886,9,0.0003,47.74541470101611,189.23819790180502,265.78857015657815,-131.6953558450605,-202.9689307300562,0.7837387537487505,0.8106312292358804,100.75747437827206,3001,1505,3009,2992,27008,189.49363874857778,47.764266746160615,-131.80134190581765,5.070523804162833,0.7834224598930482,0.4741187796208531,stage2_meta_t75_a50
stage2_meta_t75_a50_cap75,Stage 2,complete_validation,0.75,0.5,328.5,True,100000,62.28069458912334,124.62469055737013,0.699094573063133,0.3907521069578312,36.799883047942984,132.71632417433432,-8.444571021046084,26,0.00026,47.62874760702407,193.95798941366826,275.78578077220226,-133.7281450499457,-208.13719510519098,0.7849795266153999,0.8096471995216264,99.73800975893104,10013,5017,10038,9974,90026,194.35914320176286,47.64769471728114,-134.02251229026444,5.46823623707028,0.7851413675556447,0.4755292915380001,stage2_meta_t75_a50
