family,candidate_name,candidate_id,feature_contract,target_mode,status,best_iteration,fitted_iterations,technical_retry_count,rss_before_bytes,rss_after_bytes,observed_peak_rss_bytes,mae,rmse,r2,rmsle,median_absolute_error,p90_absolute_error,mean_signed_error,negative_prediction_count,negative_prediction_rate,top_decile_mae,top_five_percent_mae,top_decile_underprediction_rate,top_five_percent_underprediction_rate,fit_time_seconds,prediction_time_seconds,bundle_size_bytes,cache_bundle_path
lasso,lasso_log1p_anchor,lasso_log1p_anchor__8c42e8499ad0,linear_compact_v2,log1p,COMPLETE,538,538,0,970649600,1284317184,1284317184,70.34844837529798,137.5131900712993,0.6336378924576659,0.4333167199754081,42.39088084038426,148.66951651246586,-18.24523748049385,0,0.0,228.34071928449276,325.41610942871074,0.8419055228203336,0.8760215268088499,26.60198800000944,0.2382332999986829,6007,outputs/tmp/prompt2/candidates/lasso_log1p_anchor__8c42e8499ad0/bundle.joblib
lasso,lasso_raw_anchor,lasso_raw_anchor__222fc7590e66,linear_compact_v2,raw,COMPLETE,5000,5000,0,971014144,1274298368,1274298368,83.2601617188132,161.5986369613818,0.4940620914456359,0.795372545040763,54.29526140938458,168.32031324002477,1.158500317174067,3428,0.03428,223.31749825045435,339.02446598117126,0.8550883850993708,0.9168825991628464,281.3017652999988,0.2391899000067496,6089,outputs/tmp/prompt2/candidates/lasso_raw_anchor__222fc7590e66/bundle.joblib
histgradientboosting,hgb_log1p_l1,hgb_log1p_l1__b71d4c769e8e,main_without_sensitive_without_lender,log1p,COMPLETE,300,300,0,943185920,1156952064,1156952064,64.13729362070758,129.54770145354897,0.6748518719227523,0.395935815004226,38.1156681302416,136.59719998411686,-8.953089877483979,0,0.0,199.6319251215784,287.1250021337092,0.7963647258563867,0.8361570659756827,8.304040700008045,0.4355744000058621,625322,outputs/tmp/prompt2/candidates/hgb_log1p_l1__b71d4c769e8e/bundle.joblib
histgradientboosting,hgb_raw_l1,hgb_raw_l1__7730e5d2fc9b,main_without_sensitive_without_lender,raw,COMPLETE,300,300,0,949583872,1166323712,1166323712,64.84146796327082,131.1048389002938,0.6669884650918707,0.4375926995000196,38.75388234822694,137.1140986580168,-8.392106667799467,293,0.00293,200.06790522425072,289.15314971771664,0.8050534305402977,0.8445286027506478,8.198750600000494,0.4168187000032048,624351,outputs/tmp/prompt2/candidates/hgb_raw_l1__7730e5d2fc9b/bundle.joblib
catboost,cat_log1p_rmse_anchor,cat_log1p_rmse_anchor__00f385ba5b04,main_without_sensitive_without_lender,log1p,COMPLETE,1999,2000,0,954658816,2029580288,2029580288,63.14064214808681,126.2845419016764,0.6910257968415732,0.3820974505623313,37.20611769993569,134.96363573007895,-15.310610310450814,0,0.0,203.8150026998388,289.6488939757603,0.8168381104564066,0.8409408012756627,688.3455141000013,0.7839002000109758,37358206,outputs/tmp/prompt2/candidates/cat_log1p_rmse_anchor__00f385ba5b04/bundle.joblib
catboost,cat_raw_rmse,cat_raw_rmse__a580cd380fe9,main_without_sensitive_without_lender,raw,COMPLETE,201,202,0,1785618432,2606895104,2606895104,69.1556379293211,131.23493260065996,0.666327250792019,0.5103958855385513,42.77402141248129,144.04098511836668,-0.3686361940044469,802,0.00802,201.87483813343272,284.5856273557435,0.7937681014680915,0.8182180586007575,106.62101540000003,0.5627056000084849,8537902,outputs/tmp/prompt2/candidates/cat_raw_rmse__a580cd380fe9/bundle.joblib
catboost,cat_raw_mae,cat_raw_mae__3e13a9b27727,main_without_sensitive_without_lender,raw,COMPLETE,1999,2000,0,2357448704,3313156096,3313156096,62.66095384316171,126.79524848076956,0.6885217021173631,0.3971690984621716,36.966387535016935,133.4346096979311,-7.755352858892206,50,0.0005,194.78591371824413,279.6408805627652,0.7864775791471088,0.8164241578632649,988.5117602999962,2.3290599000029037,49551805,outputs/tmp/prompt2/candidates/cat_raw_mae__3e13a9b27727/bundle.joblib
lightgbm,lgb_raw_l2_anchor,lgb_raw_l2_anchor__40616c820042,main_without_sensitive_without_lender,raw,COMPLETE,145,145,0,1712824320,2041458688,2041458688,67.82785302113967,128.15512955138104,0.6818046545580976,0.486434029456281,42.11536845863528,141.2229638580386,0.7233975665809876,446,0.00446,196.55520594206808,276.1972423978046,0.7766903026066114,0.7990831174008372,9.309353399992688,0.7373088999884203,365480,outputs/tmp/prompt2/candidates/lgb_raw_l2_anchor__40616c820042/bundle.joblib
lightgbm,lgb_raw_l1,lgb_raw_l1__64ec65b8e75e,main_without_sensitive_without_lender,raw,COMPLETE,2000,2000,0,1005600768,1416896512,1416896512,63.29623033856139,125.6984206491836,0.693887209414696,0.4238838607049919,37.64411731381441,133.96408948823753,-7.097795002164813,268,0.00268,195.4606703529485,280.1822252674731,0.7887745930290622,0.8214072154674108,47.24494240000786,5.054532499998459,3447139,outputs/tmp/prompt2/candidates/lgb_raw_l1__64ec65b8e75e/bundle.joblib
lightgbm,lgb_raw_huber,lgb_raw_huber__9d686f001c2e,main_without_sensitive_without_lender,raw,COMPLETE,2000,2000,0,1209196544,1422573568,1422573568,103.50797371319078,201.44580263189465,0.2137905129706396,0.786635029002027,69.42252253127725,181.2862825819175,-17.873429038376763,0,0.0,406.9610858289232,604.2762834164366,1.0,1.0,69.99988089999533,5.814024500010419,2567338,outputs/tmp/prompt2/candidates/lgb_raw_huber__9d686f001c2e/bundle.joblib
xgboost,xgb_log1p_l2_anchor,xgb_log1p_l2_anchor__311ad287a6aa,main_without_sensitive_without_lender,log1p,COMPLETE,1994,1995,0,1226674176,1512943616,1512943616,63.24323763761219,126.0888539118909,0.6919826153726856,0.3829755562992154,37.40922120795536,134.81203126573484,-14.758532011071074,0,0.0,202.8540941743238,286.992072479933,0.8099470688105463,0.8331672314131952,331.09125149999454,2.3407686999998987,2940432,outputs/tmp/prompt2/candidates/xgb_log1p_l2_anchor__311ad287a6aa/bundle.joblib
xgboost,xgb_raw_l1,xgb_raw_l1__4365c697342c,main_without_sensitive_without_lender,raw,COMPLETE,1998,1999,0,1242550272,1521971200,1521971200,63.4343594515986,127.11112699444789,0.686967829096493,0.4322539764600595,38.07298278808594,133.81983947753915,-6.4094757988519175,342,0.00342,195.01860434294915,280.2353735443413,0.791970438430041,0.8232011162049033,359.6644978999975,2.477149799990002,3036131,outputs/tmp/prompt2/candidates/xgb_raw_l1__4365c697342c/bundle.joblib
xgboost,xgb_raw_pseudohuber,xgb_raw_pseudohuber__9cd15d188b68,main_without_sensitive_without_lender,raw,COMPLETE,1999,2000,0,1251655680,1101340672,1251655680,65.3764490756997,134.90279780820254,0.647415068269023,0.4787876962661363,39.220191955566406,137.62221832275392,-8.938230098386654,680,0.0068,202.1863953533152,291.77277811015057,0.7994607010885848,0.8395455451465019,342.59121470000537,2.2949644999898737,1390358,outputs/tmp/prompt2/candidates/xgb_raw_pseudohuber__9cd15d188b68/bundle.joblib
