sensitive_field,group_label,n,mean_target,median_target,d10_fraction,top5_target_fraction,elevated_mae_descriptive,elevated_underprediction_descriptive,primary_top5_abs_error_fraction,high_correction_magnitude_fraction,routed_fraction,interpretation
applicant_ethnicity_name,Hispanic or Latino,7760,218.9,192.0,0.0625,0.021778350515463916,False,False,0.02384020618556701,1.0,0.022551546391752577,Descriptive link only; explanations do not explain away group disparities.
applicant_ethnicity_name,"Information not provided by applicant in mail, Internet, or telephone application",7574,275.2678901505149,217.0,0.13018220227092686,0.06878795880644309,True,False,0.06350673356218643,1.0,0.06852389754423026,Descriptive link only; explanations do not explain away group disparities.
applicant_ethnicity_name,Not Hispanic or Latino,59613,250.23206347608743,202.0,0.10073306158052774,0.0518007817086877,True,False,0.05163303306325801,1.0,0.0483619344773791,Descriptive link only; explanations do not explain away group disparities.
co_applicant_ethnicity_name,Hispanic or Latino,3239,250.52392713800555,220.0,0.09138623031799938,0.03643099722136462,False,False,0.03519604816301328,1.0,0.03828342080889163,Descriptive link only; explanations do not explain away group disparities.
co_applicant_ethnicity_name,"Information not provided by applicant in mail, Internet, or telephone application",3893,301.1967634215258,240.0,0.15977395324942203,0.08296943231441048,True,False,0.07218083740046237,1.0,0.08605188800410994,Descriptive link only; explanations do not explain away group disparities.
co_applicant_ethnicity_name,No co-applicant,40692,222.41482355254104,180.0,0.07274157082473214,0.03600216258724073,False,False,0.03720633048265015,1.0,0.03310232969625479,Descriptive link only; explanations do not explain away group disparities.
co_applicant_ethnicity_name,Not Hispanic or Latino,27118,282.7999852496497,230.5,0.13267940113577698,0.0691422671288443,True,False,0.06785161147577255,1.0,0.06549155542444134,Descriptive link only; explanations do not explain away group disparities.
applicant_race_name_1,American Indian or Alaska Native,507,207.95857988165682,179.0,0.07692307692307693,0.027613412228796843,False,False,0.021696252465483234,1.0,0.023668639053254437,Descriptive link only; explanations do not explain away group disparities.
applicant_race_name_1,Asian,4792,358.2913188647746,300.0,0.246661101836394,0.13084307178631052,True,True,0.09181969949916527,1.0,0.14252921535893157,Descriptive link only; explanations do not explain away group disparities.
applicant_race_name_1,Black or African American,4800,201.034375,176.0,0.04645833333333333,0.018958333333333334,False,False,0.01875,1.0,0.0175,Descriptive link only; explanations do not explain away group disparities.
applicant_race_name_1,"Information not provided by applicant in mail, Internet, or telephone application",8176,274.6735567514677,217.0,0.12891389432485323,0.06727005870841488,True,False,0.06409001956947162,1.0,0.06727005870841488,Descriptive link only; explanations do not explain away group disparities.
applicant_race_name_1,Native Hawaiian or Other Pacific Islander,338,277.08579881656806,245.5,0.15384615384615385,0.04437869822485207,False,False,0.029585798816568046,1.0,0.05917159763313609,Descriptive link only; explanations do not explain away group disparities.
applicant_race_name_1,White,56362,240.92496717646642,198.0,0.08743479649409176,0.04401901990702956,False,False,0.04739008551861183,1.0,0.03958340726021078,Descriptive link only; explanations do not explain away group disparities.
co_applicant_race_name_1,Asian,2203,405.16386745347256,333.0,0.300953245574217,0.17703132092600998,True,True,0.12437585111211984,1.0,0.18974126191556967,Descriptive link only; explanations do not explain away group disparities.
co_applicant_race_name_1,Black or African American,1276,245.53918495297805,215.0,0.08934169278996865,0.03761755485893417,False,True,0.0384012539184953,1.0,0.03526645768025078,Descriptive link only; explanations do not explain away group disparities.
co_applicant_race_name_1,"Information not provided by applicant in mail, Internet, or telephone application",4201,300.8300404665556,244.0,0.15805760533206378,0.07902880266603189,True,False,0.07236372292311355,1.0,0.08355153534872649,Descriptive link only; explanations do not explain away group disparities.
co_applicant_race_name_1,No co-applicant,40692,222.41482355254104,180.0,0.07274157082473214,0.03600216258724073,False,False,0.03720633048265015,1.0,0.03310232969625479,Descriptive link only; explanations do not explain away group disparities.
co_applicant_race_name_1,White,26216,270.5949801647849,224.0,0.11634116570033567,0.058742752517546536,True,False,0.06095514189807751,1.0,0.053898382667073544,Descriptive link only; explanations do not explain away group disparities.
applicant_sex_name,Female,22123,212.56588166161913,179.0,0.06350856574605614,0.027799123084572618,False,False,0.031596076481489856,1.0,0.02910997604303214,Descriptive link only; explanations do not explain away group disparities.
applicant_sex_name,"Information not provided by applicant in mail, Internet, or telephone application",4876,274.51210008203446,210.0,0.12776866283839214,0.0695242001640689,True,False,0.06501230516817064,1.0,0.0695242001640689,Descriptive link only; explanations do not explain away group disparities.
applicant_sex_name,Male,47982,263.99012129548584,214.0,0.11360510191321746,0.05887624525863865,True,True,0.05691717727481139,1.0,0.05414530448918344,Descriptive link only; explanations do not explain away group disparities.
co_applicant_sex_name,Female,24643,285.9610031246196,234.0,0.1341557440246723,0.06971553788093982,True,True,0.06630686198920586,1.0,0.06427788824412613,Descriptive link only; explanations do not explain away group disparities.
co_applicant_sex_name,"Information not provided by applicant in mail, Internet, or telephone application",2554,298.87901331245104,238.0,0.15857478465152702,0.08144087705559906,True,False,0.07478465152701644,1.0,0.08535630383711824,Descriptive link only; explanations do not explain away group disparities.
co_applicant_sex_name,Male,7066,261.1419473535239,219.0,0.11406736484574016,0.05505236343051231,True,False,0.05802434191904897,1.0,0.06127936597792245,Descriptive link only; explanations do not explain away group disparities.
co_applicant_sex_name,No co-applicant,40692,222.41482355254104,180.0,0.07274157082473214,0.03600216258724073,False,False,0.03720633048265015,1.0,0.03310232969625479,Descriptive link only; explanations do not explain away group disparities.
majority_minority_tract,Majority minority,16757,246.65584531837442,204.0,0.10920809214059796,0.04833800799665811,False,False,0.04034134988363072,1.0,0.05173957152234887,Descriptive link only; explanations do not explain away group disparities.
majority_minority_tract,Not majority minority,58243,250.3754785982865,201.0,0.09702453513726972,0.05101042185326992,True,False,0.05277887471455797,1.0,0.04663221331318785,Descriptive link only; explanations do not explain away group disparities.
