candidate_id,candidate_type,global_base,scope,inference_complexity,n_rows,mae,rmse,r2,rmsle,median_absolute_error,p90_absolute_error,mean_signed_error,negative_prediction_count,negative_prediction_rate,bottom_90_mae,top_decile_mae,top_five_percent_mae,top_decile_signed_error,top_five_percent_signed_error,top_decile_underprediction_rate,top_five_percent_underprediction_rate,p85_to_p95_boundary_mae,top_decile_rows,top_five_percent_rows,boundary_rows,threshold,rows,routed_row_count,routed_percentage,true_tail_count,true_tail_routed_count,true_tail_recall,body_count,false_routed_count,false_routing_rate,operational_tail_rows,operational_body_rows,operational_tail_mae,operational_body_mae,operational_tail_signed_error,operational_body_signed_error,operational_tail_underprediction_rate,operational_body_underprediction_rate,actual_global_candidate_id
hard_global_best_single_t035,hard_routing,global_best_single,selection,20,70000,74.31655004295453,140.6545825545242,0.6270219901529911,0.4324590912101725,39.90695265075138,178.80490436373466,20.650481813500416,34,0.0004857142857142857,65.20500262678232,156.16454614247752,224.81496045912257,-47.46158538974042,-132.04887342665424,0.5185396463205932,0.7287218901224025,108.31341768642898,7012,3513,7040,0.35,70000,15317,21.88142857142857,6982,6637,0.950587224291034,63018,8680,0.13773842394236568,6982,63018,156.37204473307625,65.22531477800752,-47.76811872244307,28.230834553066213,0.5194786594099112,0.42789361769653117,catboost
hard_global_best_single_t035,hard_routing,global_best_single,audit,20,30000,74.01138281385563,134.84032579632748,0.6234385156040017,0.43218941701558217,39.74159754703422,179.2693245850491,20.589678102769977,16,0.0005333333333333334,65.61184329630342,149.57924933647882,211.01114966610646,-46.10385397755379,-125.74414240659839,0.530489836721093,0.7302325581395349,109.04525379302409,3001,1505,3009,0.35,30000,6597,21.990000000000002,2992,2844,0.9505347593582888,27008,3753,0.13895882701421802,2992,27008,149.75760437168242,65.62006561521014,-46.251119493020944,27.994434708464823,0.5310828877005348,0.42617002369668244,catboost
hard_global_best_single_t035,hard_routing,global_best_single,complete_validation,20,100000,74.22499987422485,138.93585625665227,0.6260181561934793,0.43237820661234816,39.86878574416731,178.92831018053784,20.63224070028128,50,0.0005,65.32706793884293,154.19086435731802,220.6348920185318,-47.054659196993775,-130.19105202792102,0.5221212423848997,0.7295196332469603,108.58848891752983,10013,5017,10038,0.35,100000,21914,21.914,9974,9481,0.9505714858632445,90026,12433,0.13810454757514495,9974,90026,154.38784525831284,65.34374090613902,-47.31304937269062,28.159914074504524,0.5229596952075396,0.42737653566747386,catboost
hard_global_best_single_t050,hard_routing,global_best_single,selection,20,70000,70.24598402520803,135.4117874434124,0.6543087422659217,0.4191428653893021,38.85243386105057,161.65046195696593,13.781052375954033,34,0.0004857142857142857,60.111047187076885,161.28697112734775,227.34100253888917,-54.16734962030452,-134.57491550642084,0.537934968625214,0.7287218901224025,111.69784972468929,7012,3513,7040,0.5,70000,12852,18.360000000000003,6982,6399,0.9164995703236894,63018,6453,0.10239931448157669,6982,63018,161.5111832492282,60.13437113711085,-54.478777303984536,21.343814298346544,0.5386708679461473,0.4434447300771208,catboost
hard_global_best_single_t050,hard_routing,global_best_single,audit,20,30000,69.84495116730325,129.4029390556367,0.6531956058010386,0.4185581388290971,38.66491086751914,162.15678465250937,13.56552980321083,16,0.0005333333333333334,60.47240824886359,154.16660603399848,213.51583509607588,-51.99097060854687,-128.26494044744996,0.5461512829056981,0.7308970099667774,111.79738776367988,3001,1505,3009,0.5,30000,5503,18.343333333333334,2992,2751,0.919451871657754,27008,2752,0.1018957345971564,2992,27008,154.34387559246832,60.48399212257228,-52.038477694672935,20.83327234000245,0.5461229946524064,0.4430909360189573,catboost
hard_global_best_single_t050,hard_routing,global_best_single,complete_validation,20,100000,70.12567416783659,133.6375049000279,0.6539980459481736,0.41896753310817725,38.77272597366241,161.80987145262628,13.716395604131073,50,0.0005,60.21946715115147,159.15292382432756,223.1550310255727,-53.51506624726102,-132.71602449706626,0.5403974832717467,0.7297189555511262,111.78709149444316,10013,5017,10038,0.5,100000,18355,18.355,9974,9150,0.9173852015239623,90026,9205,0.10224823939750739,9974,90026,159.36113467202492,60.23925820946042,-53.74673635440961,21.190650576633292,0.5409063565269702,0.44333859107368984,catboost
hard_global_best_single_t065,hard_routing,global_best_single,selection,20,70000,67.23866887696863,131.59458345730744,0.6735238333586221,0.40990646163078964,38.07558122922117,149.44476262057827,8.210848165753914,34,0.0004857142857142857,56.073384184491694,167.5351537899376,231.74484266898045,-62.403169610423504,-139.04398006791277,0.5620365088419852,0.7298605180757187,113.24583089594199,7012,3513,7040,0.65,70000,10634,15.191428571428572,6982,6064,0.8685190489830994,63018,4570,0.07251896283601511,6982,63018,167.77843165968721,56.09949239169552,-62.711669893032465,16.068619296009498,0.5625895158980235,0.45572693516138246,catboost
hard_global_best_single_t065,hard_routing,global_best_single,audit,20,30000,66.70708907996989,125.38860391718349,0.6743789706684247,0.40907586095863335,37.680201112787806,149.5914374261686,7.777064270342482,16,0.0005333333333333334,56.25703812587353,160.72272577095552,218.32242331405394,-61.1027417434565,-133.70721721281527,0.571142952349217,0.7322259136212624,113.39213113807745,3001,1505,3009,0.65,30000,4520,15.066666666666666,2992,2600,0.8689839572192514,27008,1920,0.07109004739336493,2992,27008,160.88338223267212,56.274051864593524,-61.062170752959155,15.403211752189286,0.5705213903743316,0.45571682464454977,catboost
hard_global_best_single_t065,hard_routing,global_best_single,complete_validation,20,100000,67.07919493786902,129.76395753213478,0.6737654157749551,0.4096574582579768,37.95566875727245,149.4603978174356,8.080712997130483,50,0.0005,56.12848628549926,165.49339842341755,227.70713767666848,-62.01341788479003,-137.50449644442045,0.5647658044542095,0.7309148893761211,113.35078647941839,10013,5017,10038,0.65,100000,15154,15.154,9974,8664,0.868658512131542,90026,6490,0.07209028502876946,9974,90026,165.71005509204846,56.15186062136282,-62.21685322699082,15.868995554607055,0.5649689191898937,0.4557239019838713,catboost
hard_global_best_ensemble_t035,hard_routing,global_best_ensemble,selection,20,70000,74.21107817604656,140.6062566616166,0.6272782405874776,0.42678048321671147,39.80466907487467,178.57356612477207,19.87234261858651,17,0.00024285714285714286,65.07928259180993,156.24096127072667,224.8093988733369,-47.53800051798959,-132.0433118408686,0.5185396463205932,0.7287218901224025,108.74141456100475,7012,3513,7040,0.35,70000,15317,21.88142857142857,6982,6637,0.950587224291034,63018,8680,0.13773842394236568,6982,63018,156.44494032533865,65.10008091294145,-47.84101431470545,27.37455878076628,0.5194786594099112,0.43238439810847695,ens_boost_cat060
hard_global_best_ensemble_t035,hard_routing,global_best_ensemble,audit,20,30000,73.86303056606046,134.78182489557116,0.623765189500424,0.42761424900619593,39.5771979433305,179.335702074314,19.807014263915345,9,0.0003,65.4352878892429,149.68463154286755,211.05197818642137,-46.209236183942515,-125.78497092691329,0.530489836721093,0.7302325581395349,109.47175880280405,3001,1505,3009,0.35,30000,6597,21.990000000000002,2992,2844,0.9505347593582888,27008,3753,0.13895882701421802,2992,27008,149.86085766144473,65.44384000513817,-46.354372782783244,27.136504416600555,0.5310828877005348,0.4303169431279621,ens_boost_cat060
hard_global_best_ensemble_t035,hard_routing,global_best_ensemble,complete_validation,20,100000,74.10666389305074,138.8845768446907,0.6262941688867614,0.42703078388357757,39.75448200579854,178.70182747034383,19.852744112185164,26,0.00026,65.18609565397882,154.2759612194628,220.64024077401473,-47.13975605913856,-130.196400783404,0.5221212423848997,0.7295196332469603,109.01704892195494,10013,5017,10038,0.35,100000,21914,21.914,9974,9481,0.9505714858632445,90026,12433,0.13810454757514495,9974,90026,154.46984755108852,65.20320940428894,-47.395051665466305,27.303141942659646,0.5229596952075396,0.43176415702130494,ens_boost_cat060
hard_global_best_ensemble_t050,hard_routing,global_best_ensemble,selection,20,70000,70.12468103680371,135.34020093995068,0.6546741504417253,0.4131531003523955,38.764824188039114,161.4941796941101,12.911416606638763,17,0.00024285714285714286,59.95860075121969,161.44542619201843,227.32892599899566,-54.3258046849752,-134.56283896652732,0.537934968625214,0.7287218901224025,112.32710486631305,7012,3513,7040,0.5,70000,12852,18.360000000000003,6982,6399,0.9164995703236894,63018,6453,0.10239931448157669,6982,63018,161.66446744748384,59.982645606936536,-54.6320615022402,20.394811258265168,0.5386708679461473,0.44863372369799104,ens_boost_cat060
hard_global_best_ensemble_t050,hard_routing,global_best_ensemble,audit,20,30000,69.6944005593973,129.34553805694858,0.6535032109224082,0.4138367635640408,38.4564934752069,161.63985976671108,12.69634752238339,9,0.0003,60.286287783847364,154.33606561340346,213.53992975045142,-52.16043018795187,-128.2890351018255,0.5461512829056981,0.7308970099667774,112.46494798971744,3001,1505,3009,0.5,30000,5503,18.343333333333334,2992,2751,0.919451871657754,27008,2752,0.1018957345971564,2992,27008,154.50566130764796,60.29884027508279,-52.20026340985254,19.8857232595446,0.5461229946524064,0.44786729857819907,ens_boost_cat060
hard_global_best_ensemble_t050,hard_routing,global_best_ensemble,complete_validation,20,100000,69.99559689358178,133.57005449538016,0.6543472305903064,0.413358318042235,38.649595692678616,161.52060217332115,12.846895881362153,26,0.00026,60.05691742133776,159.31467705625258,223.15079805850834,-53.67681947918602,-132.71179153000193,0.5403974832717467,0.7297189555511262,112.42905988158763,10013,5017,10038,0.5,100000,18355,18.355,9974,9150,0.9173852015239623,90026,9205,0.10224823939750739,9974,90026,159.51696915488418,60.077504709832304,-53.90257083726889,20.242083727669065,0.5409063565269702,0.4484037944593784,ens_boost_cat060
hard_global_best_ensemble_t065,hard_routing,global_best_ensemble,selection,20,70000,67.10550828654395,131.51716008141636,0.6739078833780954,0.40370869727929676,37.92076446612255,149.06038085765033,7.254038984091995,17,0.00024285714285714286,55.89298568724192,167.82632595409035,231.77856458805522,-62.69434177457626,-139.07770198698756,0.5620365088419852,0.7298605180757187,114.1214396338289,7012,3513,7040,0.65,70000,10634,15.191428571428572,6982,6064,0.8685190489830994,63018,4570,0.07251896283601511,6982,63018,168.06479635523883,55.91985102519595,-62.998034588584034,15.03752906128302,0.5625895158980235,0.461360246278841,ens_boost_cat060
hard_global_best_ensemble_t065,hard_routing,global_best_ensemble,audit,20,30000,66.54619837048303,125.31628262954693,0.6747544839133037,0.4041482699047269,37.52661867513764,149.3088911069978,6.821476349510196,9,0.0003,56.04721581240657,161.00205644629312,218.3299846740885,-61.38552755182434,-133.71477857284987,0.571142952349217,0.7322259136212624,114.3531213757132,3001,1505,3009,0.65,30000,4520,15.066666666666666,2992,2600,0.8689839572192514,27008,1920,0.07109004739336493,2992,27008,161.15595459787326,56.06514125287523,-61.338208644304565,14.37234192643162,0.5705213903743316,0.46071534360189575,ens_boost_cat060
hard_global_best_ensemble_t065,hard_routing,global_best_ensemble,complete_validation,20,100000,66.93771531172567,129.68803177141356,0.6741470681693444,0.40384061930588167,37.800872023156245,149.1380907702078,7.124270193717457,26,0.00026,55.93925969514663,165.78102157049906,227.73092808950466,-62.302076571092925,-137.52828685725657,0.5647658044542095,0.7309148893761211,114.2534900949541,10013,5017,10038,0.65,100000,15154,15.154,9974,8664,0.868658512131542,90026,6490,0.07209028502876946,9974,90026,165.9922823650606,55.96343841627365,-62.500120088355025,14.837971443060878,0.5649689191898937,0.46116677404305423,ens_boost_cat060
