sensitive_field,group_label,n,iid_fraction,mean_target,median_target,d10_fraction,top5_target_fraction,missing_unknown_status,analysis_status,target_composition_warning,mae,rmse,mape_percent,wape_percent,mean_signed_error,median_signed_error,underprediction_rate,p90_absolute_error,mean_prediction
applicant_ethnicity_name,Hispanic or Latino,7760,0.10346666666666667,218.9,192.0,0.0625,0.021778350515463916,OBSERVED,ELIGIBLE,Descriptive; group target distributions differ.,46.266520353182926,75.2991983552135,30.836866676498236,21.135916104697547,-2.582159353347084,-0.5339749457747871,0.5077319587628866,102.27011266902664,216.3178406466529
applicant_ethnicity_name,"Information not provided by applicant in mail, Internet, or telephone application",7574,0.10098666666666667,275.2678901505149,217.0,0.13018220227092686,0.06878795880644309,UNKNOWN_OR_NOT_PROVIDED,ELIGIBLE,Descriptive; group target distributions differ.,70.34100477164682,139.41602681562577,34.34499565987632,25.553654199617963,-8.867394375434673,0.3204805631394976,0.49735938737787166,149.0364957858272,266.40049577508023
applicant_ethnicity_name,Not Hispanic or Latino,59613,0.79484,250.23206347608743,202.0,0.10073306158052774,0.0518007817086877,OBSERVED,ELIGIBLE,Descriptive; group target distributions differ.,63.25058649321388,139.67956918961474,33.79805042132259,25.27677133560392,-8.699169076177622,-0.9255876303556079,0.5085132437555566,135.14948977252618,241.53289439990982
co_applicant_ethnicity_name,Hispanic or Latino,3239,0.043186666666666665,250.52392713800555,220.0,0.09138623031799938,0.03643099722136462,OBSERVED,ELIGIBLE,Descriptive; group target distributions differ.,54.188032185605934,88.28963493699052,31.709276569551463,21.629882943578274,-1.1756444246439979,1.8387741567514553,0.4862611917258413,118.79517703747456,249.34828271336153
co_applicant_ethnicity_name,"Information not provided by applicant in mail, Internet, or telephone application",3893,0.05190666666666666,301.1967634215258,240.0,0.15977395324942203,0.08296943231441048,UNKNOWN_OR_NOT_PROVIDED,ELIGIBLE,Descriptive; group target distributions differ.,76.73776652994066,147.47188826286285,33.52747140841835,25.477619898108237,-7.094400363419781,0.9450072095455653,0.49447726688928845,162.6287957054788,294.10236305810605
co_applicant_ethnicity_name,No co-applicant,40692,0.54256,222.41482355254104,180.0,0.07274157082473214,0.03600216258724073,NO_CO_APPLICANT,ELIGIBLE,Descriptive; group target distributions differ.,54.1820899589754,105.45446523816094,33.10004210901853,24.36082680711071,-7.093163667328249,-0.8680493766725874,0.5098790917133589,116.1475437385848,215.32165988521277
co_applicant_ethnicity_name,Not Hispanic or Latino,27118,0.36157333333333336,282.7999852496497,230.5,0.13267940113577698,0.0691422671288443,OBSERVED,ELIGIBLE,Descriptive; group target distributions differ.,73.30909222105751,172.03498999879633,34.46524640681143,25.92259407522311,-10.603871336751714,-0.9894392469236948,0.5075964304152224,153.9842201272924,272.196113912898
applicant_race_name_1,American Indian or Alaska Native,507,0.00676,207.95857988165682,179.0,0.07692307692307693,0.027613412228796843,OBSERVED,ELIGIBLE,Descriptive; group target distributions differ.,46.970604228773276,69.38237103057679,36.7308094609191,22.58651903446488,2.7023854177036988,4.145915935923057,0.44970414201183434,107.52152071447121,210.6609652993605
applicant_race_name_1,Asian,4792,0.06389333333333333,358.2913188647746,300.0,0.246661101836394,0.13084307178631052,OBSERVED,ELIGIBLE,Descriptive; group target distributions differ.,83.28873143351395,143.58013665959055,28.281715604032687,23.246092508579192,-14.759529435104644,-10.964251579067422,0.5598914858096828,181.04404454303145,343.53178942966997
applicant_race_name_1,Black or African American,4800,0.064,201.034375,176.0,0.04645833333333333,0.018958333333333334,OBSERVED,ELIGIBLE,Descriptive; group target distributions differ.,43.37069017971066,76.97206931774774,33.17584409804647,21.57376825715038,-5.014252310118368,-0.9930025768540851,0.5152083333333334,94.8532043684791,196.02012268988165
applicant_race_name_1,"Information not provided by applicant in mail, Internet, or telephone application",8176,0.10901333333333334,274.6735567514677,217.0,0.12891389432485323,0.06727005870841488,UNKNOWN_OR_NOT_PROVIDED,ELIGIBLE,Descriptive; group target distributions differ.,69.79560285137106,136.15425384290793,34.04692575835901,25.41038302952623,-8.562089547418523,-0.31881343265585826,0.5024461839530333,149.15415162862473,266.11146720404923
applicant_race_name_1,Native Hawaiian or Other Pacific Islander,338,0.004506666666666667,277.08579881656806,245.5,0.15384615384615385,0.04437869822485207,OBSERVED,ELIGIBLE,Descriptive; group target distributions differ.,59.69914668867146,99.15865664269116,37.47382348055268,21.545364989344886,-1.7209476218411566,-1.3235093589502114,0.5118343195266272,118.13976695048383,275.3648511947269
applicant_race_name_1,White,56362,0.7514933333333333,240.92496717646642,198.0,0.08743479649409176,0.04401901990702956,OBSERVED,ELIGIBLE,Descriptive; group target distributions differ.,61.07613651079876,137.79361779805035,33.90745155254684,25.35068790361744,-7.832544833741283,-0.34665267686291656,0.5033355807104077,129.7196396203222,233.09242234272514
co_applicant_race_name_1,Asian,2203,0.029373333333333335,405.16386745347256,333.0,0.300953245574217,0.17703132092600998,OBSERVED,ELIGIBLE,Descriptive; group target distributions differ.,97.01691030272315,175.05682385936518,27.43672508365565,23.94510421486788,-19.307578677214902,-10.966889429285402,0.5483431684067182,211.3318346962668,385.8562887762576
co_applicant_race_name_1,Black or African American,1276,0.01701333333333333,245.53918495297805,215.0,0.08934169278996865,0.03761755485893417,OBSERVED,ELIGIBLE,Descriptive; group target distributions differ.,53.76194625353753,98.85397314839683,31.547975679459956,21.895464979992177,-9.577537633780292,-4.561341167443302,0.5399686520376176,115.85800467132506,235.9616473191978
co_applicant_race_name_1,"Information not provided by applicant in mail, Internet, or telephone application",4201,0.05601333333333333,300.8300404665556,244.0,0.15805760533206378,0.07902880266603189,UNKNOWN_OR_NOT_PROVIDED,ELIGIBLE,Descriptive; group target distributions differ.,76.12373757329512,144.0143376037105,33.244831425943666,25.30456647721592,-7.078058746066966,0.24011954536208435,0.4982147107831469,161.776023329004,293.75198172048863
co_applicant_race_name_1,No co-applicant,40692,0.54256,222.41482355254104,180.0,0.07274157082473214,0.03600216258724073,NO_CO_APPLICANT,ELIGIBLE,Descriptive; group target distributions differ.,54.1820899589754,105.45446523816094,33.10004210901853,24.36082680711071,-7.093163667328249,-0.8680493766725874,0.5098790917133589,116.1475437385848,215.32165988521277
co_applicant_race_name_1,White,26216,0.34954666666666667,270.5949801647849,224.0,0.11634116570033567,0.058742752517546536,OBSERVED,ELIGIBLE,Descriptive; group target distributions differ.,70.17203374495193,168.33711835651377,34.797425527188516,25.93249649428792,-9.057261753569762,-0.01938949579677285,0.5001144339334758,147.13845306807406,261.5377184112151
applicant_sex_name,Female,22123,0.2949733333333333,212.56588166161913,179.0,0.06350856574605614,0.027799123084572618,OBSERVED,ELIGIBLE,Descriptive; group target distributions differ.,51.52514458507246,87.37616729192467,34.50825334624113,24.23961182401542,0.732369786889554,1.6833734642455447,0.4812186412331058,113.38704275568814,213.2982514485087
applicant_sex_name,"Information not provided by applicant in mail, Internet, or telephone application",4876,0.06501333333333334,274.51210008203446,210.0,0.12776866283839214,0.0695242001640689,UNKNOWN_OR_NOT_PROVIDED,ELIGIBLE,Descriptive; group target distributions differ.,72.67629336429076,150.26553923722315,35.95835406191209,26.474713989865066,-9.693686919941149,-0.34047665229432766,0.5024610336341263,152.97827869923793,264.81841316209335
applicant_sex_name,Male,47982,0.63976,263.99012129548584,214.0,0.11360510191321746,0.05887624525863865,OBSERVED,ELIGIBLE,Descriptive; group target distributions differ.,66.07585383783456,149.73907676540736,32.86895078331684,25.02966910791159,-11.977614269512836,-2.2119763447471392,0.5198199324746781,140.31194143748067,252.01250702597298
co_applicant_sex_name,Female,24643,0.32857333333333333,285.9610031246196,234.0,0.1341557440246723,0.06971553788093982,OBSERVED,ELIGIBLE,Descriptive; group target distributions differ.,72.66136306086814,173.5670032676779,33.58161895120718,25.409535659379014,-13.40715426741012,-2.430546081676667,0.5177129407945461,151.98499819595193,272.55384885720946
co_applicant_sex_name,"Information not provided by applicant in mail, Internet, or telephone application",2554,0.03405333333333333,298.87901331245104,238.0,0.15857478465152702,0.08144087705559906,UNKNOWN_OR_NOT_PROVIDED,ELIGIBLE,Descriptive; group target distributions differ.,79.34146543474353,159.76937644956155,34.89654953034412,26.546348823695816,-8.679786507093525,0.9243449163021467,0.49451840250587314,163.76051312631856,290.19922680535757
co_applicant_sex_name,Male,7066,0.09421333333333333,261.1419473535239,219.0,0.11406736484574016,0.05505236343051231,OBSERVED,ELIGIBLE,Descriptive; group target distributions differ.,66.46217423201641,121.88062670340074,35.711059951151135,25.45059302251525,4.794403066241335,4.807457201787548,0.4600905745825078,145.200593306084,265.9363504197653
co_applicant_sex_name,No co-applicant,40692,0.54256,222.41482355254104,180.0,0.07274157082473214,0.03600216258724073,NO_CO_APPLICANT,ELIGIBLE,Descriptive; group target distributions differ.,54.1820899589754,105.45446523816094,33.10004210901853,24.36082680711071,-7.093163667328249,-0.8680493766725874,0.5098790917133589,116.1475437385848,215.32165988521277
majority_minority_tract,Majority minority,16757,0.22342666666666666,246.65584531837442,204.0,0.10920809214059796,0.04833800799665811,OBSERVED,ELIGIBLE,Descriptive; group target distributions differ.,55.888120997107066,142.4284813237584,32.82125321627439,22.658340379068942,-4.845040599915169,-0.27309228525244045,0.5036104314614788,122.50930385562422,241.81080471845928
majority_minority_tract,Not majority minority,58243,0.7765733333333333,250.3754785982865,201.0,0.09702453513726972,0.05101042185326992,OBSERVED,ELIGIBLE,Descriptive; group target distributions differ.,64.09404918535265,132.68129625427176,33.772759693070384,25.599171909397715,-9.047546244322472,-0.9185788474535279,0.5083529351166663,136.51273697056018,241.32793235396403
