candidate_id,stage,scope,candidate_type,lambda_tail,n_rows,mae,rmse,r2,rmsle,median_absolute_error,p90_absolute_error,mean_signed_error,negative_prediction_count,negative_prediction_rate,bottom_90_mae,top_decile_mae,top_five_percent_mae,top_decile_signed_error,top_five_percent_signed_error,top_decile_underprediction_rate,top_five_percent_underprediction_rate,p85_to_p95_boundary_mae,top_decile_rows,top_five_percent_rows,boundary_rows,operational_tail_rows,operational_body_rows,operational_tail_mae,operational_body_mae,operational_tail_signed_error,operational_body_signed_error,operational_tail_underprediction_rate,operational_body_underprediction_rate
ens_tail_weighted_l1p25,Stage 4,selection,optimized,1.25,70000,62.4207874215348,127.87232839123797,0.6917318888224326,0.38752280272894035,36.792265129306955,131.9668747909374,-10.35958479348164,8,0.00011428571428571428,47.295066416788934,198.2934221401503,285.19385994702816,-143.90501046769035,-224.83861528364216,0.8031945236737023,0.8286364930259038,99.24929728238686,7012,3513,7040,6982,63018,198.769590575904,47.314193375011484,-144.3176922470716,4.482135131634435,0.8036379260956746,0.48240185343870007
ens_tail_weighted_l1p25,Stage 4,audit,optimized,1.25,30000,61.906385594096996,120.66583250307586,0.6984461080303408,0.38706610065673636,36.577904701225634,133.60372692244087,-10.548848473583313,4,0.00013333333333333334,47.45310297987369,191.93776756724438,271.7077141011528,-140.82092958274592,-217.03219127422378,0.8003998667110963,0.8259136212624585,100.33244180424813,3001,1505,3009,2992,27008,192.19802949967644,47.47241793394099,-140.94849871187802,3.897084343099808,0.8001336898395722,0.4821534360189573
ens_tail_weighted_l1p25,Stage 4,complete_validation,optimized,1.25,100000,62.26646687330346,125.75374983608135,0.6936176642712868,0.38738584864151715,36.73883910900807,132.41198025416384,-10.416363897512142,12,0.00012,47.34248247873927,196.38856651513376,281.1298728146983,-142.9806794244747,-222.5607803055586,0.8023569359832218,0.8279848515048834,99.4949401081744,10013,5017,10038,9974,90026,196.79825402686922,47.361661094198915,-143.307001746039,4.306618595336663,0.8025867254862643,0.482327327660898
ens_tail_weighted_l1p5,Stage 4,selection,optimized,1.5,70000,62.43350367525744,127.8549676825739,0.6918155877687643,0.3886658177575704,36.794615179551315,131.89170281406265,-9.965959008907603,14,0.0002,47.347209601402646,197.95197074941115,284.80284843278764,-143.0796310853834,-223.89872682256993,0.801625784369652,0.8280671790492456,99.00078019073308,7012,3513,7040,6982,63018,198.42737435735458,47.3662339253066,-143.49012449813267,4.827682862395347,0.8020624462904612,0.4800533180995906
ens_tail_weighted_l1p5,Stage 4,audit,optimized,1.5,30000,61.911686588529875,120.59501008586608,0.6987999863012233,0.38835867146408815,36.55269369904657,133.52828824036607,-10.14642963722106,7,0.00023333333333333333,47.5058332501536,191.5163631239585,271.20144209642467,-139.93534085500366,-215.9417667429164,0.797400866377874,0.825249169435216,100.06797542790757,3001,1505,3009,2992,27008,191.77596587824,47.52506323119825,-140.06065748112314,4.24572712036762,0.7971256684491979,0.479635663507109
ens_tail_weighted_l1p5,Stage 4,complete_validation,optimized,1.5,100000,62.27695854923918,125.72100806969954,0.6937771854458323,0.38857369936167596,36.73161848493806,132.5016053285719,-10.02010019740164,21,0.00021,47.39480180797278,196.02315236491265,280.7029063319733,-142.13725467657787,-221.57703905183286,0.8003595326076101,0.8273868845923859,99.2419766480834,10013,5017,10038,9974,90026,196.43208518856463,47.41388306992618,-142.4613531611673,4.653094846925541,0.8005815119310207,0.4799280207939928
ens_tail_weighted_l2p0,Stage 4,selection,optimized,2.0,70000,62.476745080839336,127.81867145326754,0.6919905413827414,0.3909405209480894,36.8427157415188,131.96607258375835,-9.242278590016001,20,0.00028571428571428574,47.459783623362455,197.37240513268668,284.1343055528813,-141.5503847888226,-222.13212314729267,0.7974900171135196,0.8257899231426131,98.57931969352377,7012,3513,7040,6982,63018,197.84643298213007,47.478630876535604,-141.95656119882838,5.461633326812966,0.7979089086221713,0.47660985750103146
ens_tail_weighted_l2p0,Stage 4,audit,optimized,2.0,30000,61.94479813194162,120.48261190967676,0.6993611795969653,0.3906970960212937,36.63435340700645,133.5104560135567,-9.410746788118704,11,0.00036666666666666667,47.619346143927864,190.82613042930353,270.3803295389829,-138.34540438352036,-213.9628728322608,0.7910696434521826,0.8205980066445183,99.630286419217,3001,1505,3009,2992,27008,191.08452212975308,47.63844245208929,-138.46607311807287,4.886259150093043,0.7907754010695187,0.4745630924170616
ens_tail_weighted_l2p0,Stage 4,complete_validation,optimized,2.0,100000,62.317160996170024,125.6628301138733,0.6940605318104498,0.3908675093880996,36.781793089093114,132.5739559067556,-9.292819049446813,31,0.00031,47.50765752173385,195.41041867659433,279.9877075827842,-140.58981890484057,-219.74923542116034,0.795565764506142,0.8245963723340641,98.81607772895451,10013,5017,10038,9974,90026,195.81799531717,47.52657470423598,-140.90948476634185,5.289019795556976,0.7957689993984359,0.4759958234287872
ens_tail_constrained_body025,Stage 4,selection,optimized,,70000,62.578191334456406,127.76242335766061,0.6922615680372537,0.3943432497952953,36.878851031159385,132.2527809722485,-8.240790783316656,32,0.00045714285714285713,47.65173905417421,196.66081772213676,283.23748677971366,-139.26025917094054,-219.36521127966202,0.7923559612093554,0.8215200683176772,98.13503902095972,7012,3513,7040,6982,63018,197.13229965149765,47.67043824375879,-139.6593036099815,6.319557951263523,0.7927527928960183,0.4715636802183503
ens_tail_constrained_body025,Stage 4,audit,optimized,,30000,62.032406134661386,120.36667231298098,0.6999395065807164,0.39403150016572686,36.66527754223134,133.8219024666038,-8.399533614073764,17,0.0005666666666666667,47.81121668525926,189.97572301050548,269.2837293238212,-136.0210641770982,-210.99095745869337,0.7867377540819727,0.8199335548172757,99.15313921310634,3001,1505,3009,2992,27008,190.2329101735283,47.83009911139829,-136.1355822158842,5.751320111363769,0.7864304812834224,0.4701199644549763
ens_tail_constrained_body025,Stage 4,complete_validation,optimized,,100000,62.414455774517904,125.5894363259332,0.6944177973478856,0.3942497507903286,36.81614030074812,132.62536506385206,-8.28841363254379,49,0.00049,47.69958748296576,194.6572254691051,279.02796445391283,-138.289438819745,-216.92375545607493,0.7906721262358933,0.8216065377715767,98.36298785177898,10013,5017,10038,9974,90026,195.06262115559986,47.718336858750106,-138.60225784989137,6.149085336907531,0.790856226188089,0.4711305622820074
stage4_static_global90_stage309,Stage 4,selection,static_diagnostic,,70000,62.49535703985707,127.2131785108142,0.6949017877637964,0.39087461702075343,36.914355776685646,132.09744220523214,-8.837873948381135,17,0.00024285714285714286,47.54189825007656,196.82057983659055,282.6224130735147,-138.77361144192926,-217.50871667340093,0.7937820878494011,0.8200967833760319,98.8799336631995,7012,3513,7040,6982,63018,197.290913872216,47.56085296477488,-139.16724273258023,5.601804442733753,0.7941850472643942,0.47613380304040115
stage4_static_global90_stage309,Stage 4,audit,static_diagnostic,,30000,61.95734361328526,120.14452832179218,0.7010460442110329,0.3906563268502515,36.47355574935614,133.79433193134835,-9.041139584031207,9,0.0003,47.689457479747496,190.32077504260408,269.09270710210075,-135.80015105483346,-209.80137462065025,0.7880706431189604,0.8166112956810632,99.86919474581028,3001,1505,3009,2992,27008,190.5794723045731,47.7083281717741,-135.9184844273847,5.014585229776321,0.7877673796791443,0.4741187796208531
stage4_static_global90_stage309,Stage 4,complete_validation,static_diagnostic,,100000,62.33395301188553,125.13451664699382,0.6966275943744487,0.39080914277204876,36.81599427276913,132.78049581581905,-8.898853639076158,26,0.00026,47.586170774351025,194.87252089453986,278.53996003730816,-137.88243450977362,-215.2633899364372,0.7920703085988215,0.8194139924257524,99.09731427680413,10013,5017,10038,9974,90026,195.2776159806592,47.60509585450268,-138.1926803855635,5.425637374291811,0.7922598756767596,0.4755292915380001
stage4_static_global80_stage319,Stage 4,selection,static_diagnostic,,70000,62.473133029471605,126.9149170550512,0.6963307648672978,0.3908600437551187,36.91645388389255,132.1093988836073,-8.70979044738235,17,0.00024285714285714286,47.55130221231325,196.51424533853753,281.81592771182994,-137.5794431166939,-215.37263448401336,0.79249857387336,0.8183888414460575,99.00682469091953,7012,3513,7040,6982,63018,196.98286468410151,47.57029659523651,-137.96834179223606,5.611248073195401,0.792896018332856,0.47613380304040115
stage4_static_global80_stage319,Stage 4,audit,static_diagnostic,,30000,61.9401359303607,119.93111727093915,0.7021071564424014,0.3906387176582897,36.46100201369799,133.80976935120484,-8.9212561566739,9,0.0003,47.698196001233995,190.0701379785086,268.3731101066816,-134.68033383420524,-207.83058270116578,0.7880706431189604,0.8166112956810632,100.02193474707555,3001,1505,3009,2992,27008,190.3280813188276,47.71706378128292,-134.7952987726035,5.0233208392851285,0.7877673796791443,0.4741187796208531
stage4_static_global80_stage319,Stage 4,complete_validation,static_diagnostic,,100000,62.313233899738336,124.86079923947347,0.6979533275488651,0.39079365908762026,36.81654371735978,132.78049581581905,-8.773230160169811,26,0.00026,47.59537508291758,194.5828794953889,277.75800325667706,-136.71054998209402,-213.1781221418183,0.7911714770797963,0.8182180586007575,99.23196924099824,10013,5017,10038,9974,90026,194.98656311713745,47.61432707710555,-137.016492512635,5.434868596894681,0.7913575295769,0.4755292915380001
stage4_static_global70_stage330,Stage 4,selection,static_diagnostic,,70000,62.453020752448495,126.62756469740167,0.6977043037458533,0.39084773362294123,36.92265651126266,132.0883571453852,-8.58170694638356,17,0.00024285714285714286,47.560706174549935,196.22899203491778,281.04972703991837,-136.38527479145853,-213.23655229462574,0.7906446092413006,0.8155422715627668,99.13461077832615,7012,3513,7040,6982,63018,196.69598727131878,47.57974022569818,-136.76944085189186,5.620691703657047,0.7910340876539673,0.47613380304040115
stage4_static_global70_stage330,Stage 4,audit,static_diagnostic,,30000,61.92326896778628,119.725668761048,0.7031268954616355,0.3906233236501665,36.459483142184894,133.7735876727595,-8.801372729316594,9,0.0003,47.70693452272049,189.8229069825584,267.6603048790393,-133.560516613577,-205.85979078168137,0.7870709763412196,0.8146179401993355,100.17467474834083,3001,1505,3009,2992,27008,190.08010664675322,47.72579939079172,-133.67211311782233,5.032056448793935,0.7867647058823529,0.4741187796208531
stage4_static_global70_stage330,Stage 4,complete_validation,static_diagnostic,,100000,62.294095217049836,124.59714614276005,0.6992275699495341,0.39078042416244907,36.81654371735978,132.80682618881937,-8.647606681263468,26,0.00026,47.60457939148413,194.30902187191666,277.006291986446,-135.53866545441446,-211.09285434719936,0.7895735543793069,0.8156268686466015,99.36725194181255,10013,5017,10038,9974,90026,194.71135574648423,47.62355829970842,-135.8403046397066,5.444099819497551,0.789753358732705,0.4755292915380001
