candidate_id,scope,complete_mae_lower,top_decile_mae_improves_3pct,bottom_90_mae_worsens_at_most_0_25pct,rmse_worsens_at_most_0_25pct,top_decile_signed_error_closer_to_zero,top_decile_underprediction_rate_decreases,conditions_passed,conditions_total,provisional_acceptance_status
stage1_raw_t65_a25,selection,True,True,False,True,True,True,5,6,PARTIAL
stage1_raw_t65_a25,audit,True,True,False,True,True,True,5,6,PARTIAL
stage1_raw_t65_a25,complete_validation,True,True,False,True,True,True,5,6,PARTIAL
stage1_raw_t65_a50,selection,False,True,False,True,True,True,4,6,PARTIAL
stage1_raw_t65_a50,audit,False,True,False,True,True,True,4,6,PARTIAL
stage1_raw_t65_a50,complete_validation,False,True,False,True,True,True,4,6,PARTIAL
stage1_raw_t75_a25,selection,True,True,False,True,True,True,5,6,PARTIAL
stage1_raw_t75_a25,audit,True,True,False,True,True,True,5,6,PARTIAL
stage1_raw_t75_a25,complete_validation,True,True,False,True,True,True,5,6,PARTIAL
stage1_raw_t75_a50,selection,True,True,False,True,True,True,5,6,PARTIAL
stage1_raw_t75_a50,audit,False,True,False,True,True,True,4,6,PARTIAL
stage1_raw_t75_a50,complete_validation,True,True,False,True,True,True,5,6,PARTIAL
stage1_raw_t85_a25,selection,True,False,False,True,True,True,4,6,PARTIAL
stage1_raw_t85_a25,audit,True,False,False,True,True,True,4,6,PARTIAL
stage1_raw_t85_a25,complete_validation,True,False,False,True,True,True,4,6,PARTIAL
stage1_raw_t85_a50,selection,True,True,False,True,True,True,5,6,PARTIAL
stage1_raw_t85_a50,audit,True,True,False,True,True,True,5,6,PARTIAL
stage1_raw_t85_a50,complete_validation,True,True,False,True,True,True,5,6,PARTIAL
stage1_platt_t65_a25,selection,True,False,True,True,True,True,5,6,PARTIAL
stage1_platt_t65_a25,audit,True,False,True,True,True,True,5,6,PARTIAL
stage1_platt_t65_a25,complete_validation,True,False,True,True,True,True,5,6,PARTIAL
stage1_platt_t65_a50,selection,True,False,True,True,True,True,5,6,PARTIAL
stage1_platt_t65_a50,audit,True,False,False,True,True,True,4,6,PARTIAL
stage1_platt_t65_a50,complete_validation,True,False,False,True,True,True,4,6,PARTIAL
stage1_platt_t75_a25,selection,True,False,True,True,True,True,5,6,PARTIAL
stage1_platt_t75_a25,audit,True,False,True,True,True,True,5,6,PARTIAL
stage1_platt_t75_a25,complete_validation,True,False,True,True,True,True,5,6,PARTIAL
stage1_platt_t75_a50,selection,True,False,True,True,True,True,5,6,PARTIAL
stage1_platt_t75_a50,audit,True,False,True,True,True,True,5,6,PARTIAL
stage1_platt_t75_a50,complete_validation,True,False,True,True,True,True,5,6,PARTIAL
stage1_platt_t85_a25,selection,True,False,True,True,True,True,5,6,PARTIAL
stage1_platt_t85_a25,audit,True,False,True,True,True,True,5,6,PARTIAL
stage1_platt_t85_a25,complete_validation,True,False,True,True,True,True,5,6,PARTIAL
stage1_platt_t85_a50,selection,True,False,True,True,True,True,5,6,PARTIAL
stage1_platt_t85_a50,audit,True,False,True,True,True,True,5,6,PARTIAL
stage1_platt_t85_a50,complete_validation,True,False,True,True,True,True,5,6,PARTIAL
stage1_prior_corrected_t65_a25,selection,True,False,True,True,True,True,5,6,PARTIAL
stage1_prior_corrected_t65_a25,audit,True,False,True,True,True,True,5,6,PARTIAL
stage1_prior_corrected_t65_a25,complete_validation,True,False,True,True,True,True,5,6,PARTIAL
stage1_prior_corrected_t65_a50,selection,True,False,True,True,True,True,5,6,PARTIAL
stage1_prior_corrected_t65_a50,audit,True,False,False,True,True,True,4,6,PARTIAL
stage1_prior_corrected_t65_a50,complete_validation,True,False,True,True,True,True,5,6,PARTIAL
stage1_prior_corrected_t75_a25,selection,True,False,True,True,True,True,5,6,PARTIAL
stage1_prior_corrected_t75_a25,audit,True,False,True,True,True,True,5,6,PARTIAL
stage1_prior_corrected_t75_a25,complete_validation,True,False,True,True,True,True,5,6,PARTIAL
stage1_prior_corrected_t75_a50,selection,True,False,True,True,True,True,5,6,PARTIAL
stage1_prior_corrected_t75_a50,audit,True,False,True,True,True,True,5,6,PARTIAL
stage1_prior_corrected_t75_a50,complete_validation,True,False,True,True,True,True,5,6,PARTIAL
stage1_prior_corrected_t85_a25,selection,True,False,True,True,True,True,5,6,PARTIAL
stage1_prior_corrected_t85_a25,audit,True,False,True,True,True,True,5,6,PARTIAL
stage1_prior_corrected_t85_a25,complete_validation,True,False,True,True,True,True,5,6,PARTIAL
stage1_prior_corrected_t85_a50,selection,True,False,True,True,True,True,5,6,PARTIAL
stage1_prior_corrected_t85_a50,audit,True,False,True,True,True,True,5,6,PARTIAL
stage1_prior_corrected_t85_a50,complete_validation,True,False,True,True,True,True,5,6,PARTIAL
stage1_raw_t85_a50_cap25,selection,True,True,False,True,True,True,5,6,PARTIAL
stage1_raw_t85_a50_cap25,audit,True,True,False,True,True,True,5,6,PARTIAL
stage1_raw_t85_a50_cap25,complete_validation,True,True,False,True,True,True,5,6,PARTIAL
stage1_raw_t85_a50_cap50,selection,True,True,False,True,True,True,5,6,PARTIAL
stage1_raw_t85_a50_cap50,audit,True,True,False,True,True,True,5,6,PARTIAL
stage1_raw_t85_a50_cap50,complete_validation,True,True,False,True,True,True,5,6,PARTIAL
stage1_raw_t85_a50_cap75,selection,True,True,False,True,True,True,5,6,PARTIAL
stage1_raw_t85_a50_cap75,audit,True,True,False,True,True,True,5,6,PARTIAL
stage1_raw_t85_a50_cap75,complete_validation,True,True,False,True,True,True,5,6,PARTIAL
stage1_raw_t75_a25_cap25,selection,True,True,False,True,True,True,5,6,PARTIAL
stage1_raw_t75_a25_cap25,audit,True,True,False,True,True,True,5,6,PARTIAL
stage1_raw_t75_a25_cap25,complete_validation,True,True,False,True,True,True,5,6,PARTIAL
stage1_raw_t75_a25_cap50,selection,True,True,False,True,True,True,5,6,PARTIAL
stage1_raw_t75_a25_cap50,audit,True,True,False,True,True,True,5,6,PARTIAL
stage1_raw_t75_a25_cap50,complete_validation,True,True,False,True,True,True,5,6,PARTIAL
stage1_raw_t75_a25_cap75,selection,True,True,False,True,True,True,5,6,PARTIAL
stage1_raw_t75_a25_cap75,audit,True,True,False,True,True,True,5,6,PARTIAL
stage1_raw_t75_a25_cap75,complete_validation,True,True,False,True,True,True,5,6,PARTIAL
stage1_raw_t65_a25_cap25,selection,True,True,False,True,True,True,5,6,PARTIAL
stage1_raw_t65_a25_cap25,audit,True,True,False,True,True,True,5,6,PARTIAL
stage1_raw_t65_a25_cap25,complete_validation,True,True,False,True,True,True,5,6,PARTIAL
stage1_raw_t65_a25_cap50,selection,True,True,False,True,True,True,5,6,PARTIAL
stage1_raw_t65_a25_cap50,audit,True,True,False,True,True,True,5,6,PARTIAL
stage1_raw_t65_a25_cap50,complete_validation,True,True,False,True,True,True,5,6,PARTIAL
stage1_raw_t65_a25_cap75,selection,True,True,False,True,True,True,5,6,PARTIAL
stage1_raw_t65_a25_cap75,audit,True,True,False,True,True,True,5,6,PARTIAL
stage1_raw_t65_a25_cap75,complete_validation,True,True,False,True,True,True,5,6,PARTIAL
