importance_type,feature,mean_abs_shap,mean_signed_shap,rank,explanation_space,interpretation
Residual correction importance,global_prediction_feature,128.322917625587,125.21367001331234,1,raw residual-correction space (thousand USD),Positive output is upward correction; negative output is downward correction.
Residual correction importance,applicant_income_to_area_income,16.587013187031626,-14.11777849364785,2,raw residual-correction space (thousand USD),Positive output is upward correction; negative output is downward correction.
Residual correction importance,loan_purpose_name,11.00736699361402,6.862765518509834,3,raw residual-correction space (thousand USD),Positive output is upward correction; negative output is downward correction.
Residual correction importance,agency_name,10.781762025288156,9.897097849992956,4,raw residual-correction space (thousand USD),Positive output is upward correction; negative output is downward correction.
Residual correction importance,msamd_name,9.716315951991959,7.2678331220420045,5,raw residual-correction space (thousand USD),Positive output is upward correction; negative output is downward correction.
Residual correction importance,owner_occupancy_name,7.279683104354324,-1.7743860505512412,6,raw residual-correction space (thousand USD),Positive output is upward correction; negative output is downward correction.
Residual correction importance,loan_type_name,7.055823038389345,5.378507586055837,7,raw residual-correction space (thousand USD),Positive output is upward correction; negative output is downward correction.
Residual correction importance,log1p_applicant_income,5.045885332808158,-4.180572255964639,8,raw residual-correction space (thousand USD),Positive output is upward correction; negative output is downward correction.
Residual correction importance,state_abbr,4.900693416855406,3.945665087585528,9,raw residual-correction space (thousand USD),Positive output is upward correction; negative output is downward correction.
Residual correction importance,census_tract_number,4.615302067436331,-0.7340738206322122,10,raw residual-correction space (thousand USD),Positive output is upward correction; negative output is downward correction.
Residual correction importance,applicant_income_area_group,4.507170532372755,3.8329902881202633,11,raw residual-correction space (thousand USD),Positive output is upward correction; negative output is downward correction.
Residual correction importance,state_name,4.40332971010813,3.2811924953231553,12,raw residual-correction space (thousand USD),Positive output is upward correction; negative output is downward correction.
Residual correction importance,applicant_income_000s,3.716503235762153,-2.7427949969759706,13,raw residual-correction space (thousand USD),Positive output is upward correction; negative output is downward correction.
Residual correction importance,us_region,3.5651643428002684,2.7282052693150454,14,raw residual-correction space (thousand USD),Positive output is upward correction; negative output is downward correction.
Residual correction importance,state_code,3.3379134298169966,2.473775571444763,15,raw residual-correction space (thousand USD),Positive output is upward correction; negative output is downward correction.
Residual correction importance,family_units_per_1000_people,2.4579143430460095,0.9395879513191687,16,raw residual-correction space (thousand USD),Positive output is upward correction; negative output is downward correction.
Residual correction importance,owner_occupied_unit_ratio,2.050899239112346,0.30988243899049805,17,raw residual-correction space (thousand USD),Positive output is upward correction; negative output is downward correction.
Residual correction importance,tract_income_ratio,1.6995273959888175,0.90162408415373,18,raw residual-correction space (thousand USD),Positive output is upward correction; negative output is downward correction.
Residual correction importance,hud_median_family_income,1.6967171549549587,0.8739516810218657,19,raw residual-correction space (thousand USD),Positive output is upward correction; negative output is downward correction.
Residual correction importance,preapproval_name,1.5977362450811503,0.9927281466112783,20,raw residual-correction space (thousand USD),Positive output is upward correction; negative output is downward correction.
Residual correction importance,county_name,1.5625523224309668,-0.7153187322787702,21,raw residual-correction space (thousand USD),Positive output is upward correction; negative output is downward correction.
Residual correction importance,tract_income_level,1.5270542211401663,0.2426768704711508,22,raw residual-correction space (thousand USD),Positive output is upward correction; negative output is downward correction.
Residual correction importance,has_co_applicant,1.4906994006207428,0.3447280897165964,23,raw residual-correction space (thousand USD),Positive output is upward correction; negative output is downward correction.
Residual correction importance,tract_to_msamd_income,1.4811750850813594,0.3572705815414344,24,raw residual-correction space (thousand USD),Positive output is upward correction; negative output is downward correction.
Residual correction importance,lien_status_name,1.346308971197454,1.1921226557701186,25,raw residual-correction space (thousand USD),Positive output is upward correction; negative output is downward correction.
Residual correction importance,owner_occupied_units_per_1000_people,1.3136809965761234,-0.010090364970544842,26,raw residual-correction space (thousand USD),Positive output is upward correction; negative output is downward correction.
Residual correction importance,county_code,1.285990542185155,-0.11281942156540538,27,raw residual-correction space (thousand USD),Positive output is upward correction; negative output is downward correction.
Residual correction importance,log1p_hud_median_family_income,1.265390316750447,0.5036595595426782,28,raw residual-correction space (thousand USD),Positive output is upward correction; negative output is downward correction.
Residual correction importance,loan_program_group,0.8439399258157031,-0.3330156560376777,29,raw residual-correction space (thousand USD),Positive output is upward correction; negative output is downward correction.
Residual correction importance,log1p_1_to_4_family_units,0.8433944052765554,-0.05285237602423889,30,raw residual-correction space (thousand USD),Positive output is upward correction; negative output is downward correction.
Residual correction importance,log1p_owner_occupied_units,0.7736558435440521,-0.1569011588008837,31,raw residual-correction space (thousand USD),Positive output is upward correction; negative output is downward correction.
Residual correction importance,number_of_owner_occupied_units,0.769882751423109,0.3301712964516669,32,raw residual-correction space (thousand USD),Positive output is upward correction; negative output is downward correction.
Residual correction importance,log1p_population,0.6851873644730442,0.1707477384499303,33,raw residual-correction space (thousand USD),Positive output is upward correction; negative output is downward correction.
Residual correction importance,number_of_1_to_4_family_units,0.584759574040997,-0.0075011294957220915,34,raw residual-correction space (thousand USD),Positive output is upward correction; negative output is downward correction.
Residual correction importance,population,0.520225821803625,-0.006467207390987028,35,raw residual-correction space (thousand USD),Positive output is upward correction; negative output is downward correction.
Residual correction importance,property_type_name,0.0025621376951313,0.0023219359054524333,36,raw residual-correction space (thousand USD),Positive output is upward correction; negative output is downward correction.
