section,scope,metric,value,n
direction,overall,positive_fraction,0.043693333333333334,75000
direction,overall,negative_fraction,0.00408,75000
direction,overall,zero_fraction,0.9522266666666667,75000
magnitude_quantile,overall,p0,0.0,75000
magnitude_quantile,overall,p25,0.0,75000
magnitude_quantile,overall,p50,0.0,75000
magnitude_quantile,overall,p75,0.0,75000
magnitude_quantile,overall,p90,0.0,75000
magnitude_quantile,overall,p95,0.0,75000
magnitude_quantile,overall,p99,39.388431937194994,75000
magnitude_quantile,overall,p100,704.3948883265718,75000
target_decile,D1,mean_correction,0.0,7719
target_decile,D1,median_correction,0.0,7719
target_decile,D1,routed_fraction,0.0,7719
target_decile,D10,mean_correction,12.412930239300833,7481
target_decile,D10,median_correction,0.0,7481
target_decile,D10,routed_fraction,0.4221360780644299,7481
target_decile,D2,mean_correction,0.004012141904877557,7366
target_decile,D2,median_correction,0.0,7366
target_decile,D2,routed_fraction,0.00040727667662231876,7366
target_decile,D3,mean_correction,0.0029466792746067577,7664
target_decile,D3,median_correction,0.0,7664
target_decile,D3,routed_fraction,0.00026096033402922753,7664
target_decile,D4,mean_correction,0.014395252085961109,7338
target_decile,D4,median_correction,0.0,7338
target_decile,D4,routed_fraction,0.0009539384028345599,7338
target_decile,D5,mean_correction,0.027838030315157383,7495
target_decile,D5,median_correction,0.0,7495
target_decile,D5,routed_fraction,0.00133422281521014,7495
target_decile,D6,mean_correction,0.05109208429759207,7464
target_decile,D6,median_correction,0.0,7464
target_decile,D6,routed_fraction,0.002947481243301179,7464
target_decile,D7,mean_correction,0.09291453883010618,7456
target_decile,D7,median_correction,0.0,7456
target_decile,D7,routed_fraction,0.004425965665236052,7456
target_decile,D8,mean_correction,0.17974225946809322,7535
target_decile,D8,median_correction,0.0,7535
target_decile,D8,routed_fraction,0.00968812209688122,7535
target_decile,D9,mean_correction,0.5154834298522181,7482
target_decile,D9,median_correction,0.0,7482
target_decile,D9,routed_fraction,0.036754878374766105,7482
realized_benefit,Q1,abs_error_global_minus_primary,0.049171471475915655,717
realized_benefit,Q2,abs_error_global_minus_primary,0.7577604990008501,716
realized_benefit,Q3,abs_error_global_minus_primary,0.7983193085091398,717
realized_benefit,Q4,abs_error_global_minus_primary,3.9945275876581676,716
realized_benefit,Q5,abs_error_global_minus_primary,13.624768353496751,717
