scope,rows,pr_auc,roc_auc,brier_score,threshold,precision,recall,f1,false_negative_rate,predicted_tail_proportion
selection,70000,0.7951704628461126,0.9683838086973262,0.07141865774409036,0.35,0.4333093947901025,0.950587224291034,0.5952733306426297,0.04941277570896596,0.2188142857142857
selection,70000,0.7951704628461126,0.9683838086973262,0.07141865774409036,0.5,0.49789915966386555,0.9164995703236894,0.6452556216597761,0.08350042967631055,0.1836
selection,70000,0.7951704628461126,0.9683838086973262,0.07141865774409036,0.65,0.570246379537333,0.8685190489830994,0.6884650317892824,0.1314809510169006,0.15191428571428572
audit,30000,0.7983933518725702,0.9685129317001736,0.07095423084887614,0.35,0.4311050477489768,0.9505347593582888,0.5931796850557931,0.049465240641711206,0.2199
audit,30000,0.7983933518725702,0.9685129317001736,0.07095423084887614,0.5,0.49990914046883517,0.919451871657754,0.6476751030017658,0.080548128342246,0.18343333333333334
audit,30000,0.7983933518725702,0.9685129317001736,0.07095423084887614,0.65,0.5752212389380531,0.8689839572192514,0.6922257720979765,0.13101604278074863,0.15066666666666667
complete_validation,100000,0.7960975249528838,0.9684211033863439,0.0712793296755261,0.35,0.43264579720726476,0.9505714858632445,0.594643753135976,0.04942851413675553,0.21914
complete_validation,100000,0.7960975249528838,0.9684211033863439,0.0712793296755261,0.5,0.49850177063470447,0.9173852015239623,0.6459811500582442,0.0826147984760377,0.18355
complete_validation,100000,0.7960975249528838,0.9684211033863439,0.0712793296755261,0.65,0.5717302362412564,0.868658512131542,0.6895893027698186,0.131341487868458,0.15154
