candidate_id,block,scope,n_rows,mae,rmse,r2,rmsle,median_absolute_error,p90_absolute_error,mean_signed_error,negative_prediction_count,negative_prediction_rate,bottom_90_mae,top_decile_mae,top_five_percent_mae,top_decile_signed_error,top_five_percent_signed_error,top_decile_underprediction_rate,top_five_percent_underprediction_rate,p85_to_p95_boundary_mae,top_decile_rows,top_five_percent_rows,boundary_rows,operational_tail_rows,operational_body_rows,operational_tail_mae,operational_body_mae,operational_tail_signed_error,operational_body_signed_error,operational_tail_underprediction_rate,operational_body_underprediction_rate,complete_mae_lower,top_decile_mae_improves_3pct,bottom_90_mae_worsens_at_most_0_25pct,rmse_worsens_at_most_0_25pct,top_decile_signed_error_closer_to_zero,top_decile_underprediction_rate_decreases,conditions_passed,conditions_total,provisional_acceptance_status
nf_oldraw_residual_symcap25,Block A,selection,70000,62.331590634607046,125.78567201036152,0.7017106115956557,0.39084644930016826,36.88333590109342,132.51972703728546,-6.526815100570251,17,0.00024285714285714286,48.1523638525501,189.7019751965299,268.84635905997607,-121.55105357864966,-194.02658938747427,0.7538505419281232,0.793623683461429,100.67891901526177,7012,3513,7040,6982,63018,190.11974680812486,48.17346269650205,-121.89713572006585,6.255494375536864,0.7542251503867087,0.4752451680472246,True,True,False,True,True,True,5,6,PARTIAL
nf_oldraw_residual_symcap25,Block A,audit,30000,61.848542900485924,118.84876520848202,0.7074597293812714,0.39066263918277067,36.459483142184894,133.60763702741775,-6.754621018965521,9,0.0003,48.30458700089913,183.6990145209271,255.7358099026149,-118.73912951272848,-186.6200238666856,0.7480839720093302,0.7940199335548173,102.21691014931109,3001,1505,3009,2992,27008,183.93308522657824,48.32377428971622,-118.81085112656619,5.659191202670334,0.7476604278074866,0.47326718009478674,True,True,False,True,True,True,5,6,PARTIAL
nf_oldraw_residual_symcap25,Block A,complete_validation,100000,62.18667631437073,123.74543787810134,0.7033254938737714,0.39079131534280365,36.7712516782053,132.82590338857568,-6.595156876088833,26,0.00026,48.19803570273153,187.90282559226705,264.887624474599,-120.70829075813337,-191.87629725382132,0.7521222410865874,0.7937014151883596,101.07693119476701,10013,5017,10038,9974,90026,188.2638723894375,48.2185565083956,-120.97131222861299,6.0766020989414455,0.752255865249649,0.4746517672672339,True,True,False,True,True,True,5,6,PARTIAL
nf_oldplatt_residual,Block A,selection,70000,62.36999361314938,125.57359062614013,0.70271562741558,0.39080379337421794,36.9056596225014,132.09744220523214,-7.86237828766355,17,0.00024285714285714286,47.65843709291661,194.522235783204,276.63947841252457,-130.08368174197307,-202.93071657822802,0.7779520821448944,0.8018787361229718,99.99037077427631,7012,3513,7040,6982,63018,194.978183624336,47.67783609215373,-130.44448521786506,5.718951976493788,0.7782870237754225,0.47611793455838014,True,False,False,True,True,True,4,6,PARTIAL
nf_oldplatt_residual,Block A,audit,30000,61.84455393929438,118.88605809975837,0.7072761114172204,0.39056863548761755,36.45215357720206,133.71423559117198,-8.114892395531658,9,0.0003,47.80008575850167,188.19796827225758,263.3924406737063,-127.54145485774293,-196.15903455925854,0.7767410863045652,0.8059800664451827,101.07655409631951,3001,1505,3009,2992,27008,188.45028008605377,47.818919585358366,-127.63494589547673,5.1257770384077554,0.776403743315508,0.4741187796208531,True,False,False,True,True,True,4,6,PARTIAL
nf_oldplatt_residual,Block A,complete_validation,100000,62.21236171099289,123.60532798819287,0.70399692873418,0.3907332608685531,36.79364485346511,132.78049581581905,-7.9381325200239825,26,0.00026,47.700936257486276,192.6267871863449,272.6351891074018,-129.32174996532524,-200.97019542913569,0.7775891341256367,0.8032688857883197,100.2347490832086,10013,5017,10038,9974,90026,193.01994346125798,47.72016145354345,-129.6016797584119,5.540998177282143,0.7777220774012432,0.47551818363583853,True,False,False,True,True,True,4,6,PARTIAL
nf_oldraw_residual_positive_cap25,Block A,selection,70000,62.33836127590894,125.78978301226743,0.7016911135357662,0.3908529217838205,36.88902421857358,132.51339619294342,-6.486899797895951,17,0.00024285714285714286,48.155246934203866,189.74366734483624,268.8380107393805,-121.17848203843383,-193.38484141573275,0.7532800912721049,0.7927697124964418,100.74026254160106,7012,3513,7040,6982,63018,190.16161809771583,48.17634440565193,-121.52296332820201,6.258376084686754,0.7536522486393583,0.4752451680472246,True,True,False,True,True,True,5,6,PARTIAL
nf_oldraw_residual_positive_cap25,Block A,audit,30000,61.85670385160744,118.84185598050829,0.7074937418283678,0.3906706057352559,36.46100201369799,133.6859135580771,-6.7141742834896085,9,0.0003,48.307372028306524,183.7555408717013,255.72001439080105,-118.35985290183042,-185.99274633357192,0.7470843052315894,0.7920265780730897,102.29016279378337,3001,1505,3009,2992,27008,183.98978160982466,48.32655838905613,-118.43043364350966,5.661975302010243,0.7466577540106952,0.47326718009478674,True,True,False,True,True,True,5,6,PARTIAL
nf_oldraw_residual_positive_cap25,Block A,complete_validation,100000,62.1938640486185,123.74637237939093,0.7033210130014231,0.39079823589997187,36.78363061588469,132.86475509203947,-6.555082143574048,26,0.00026,48.2008893649514,187.94896370498026,264.87816970392294,-120.33370963865886,-191.2389724441404,0.7514231499051234,0.7925054813633645,101.14134934154632,10013,5017,10038,9974,90026,188.31019090985032,48.22140893438564,-120.59526643461875,6.079454524931491,0.7515540405053138,0.4746517672672339,True,True,False,True,True,True,5,6,PARTIAL
nf_meta_residual_positive_cap25,Block A,selection,70000,62.390252680700456,126.15072750888642,0.6999767067203357,0.39083567234407673,36.8952755791919,132.03320240929773,-7.81260572224017,17,0.00024285714285714286,47.620555875694706,195.06476242880422,277.2902481120851,-129.24504765022473,-200.73282973513656,0.7778094694808899,0.7947623114147452,100.07407214439343,7012,3513,7040,6982,63018,195.52396614334123,47.63987045028761,-129.60132294916195,5.6808219282464805,0.7781437983385849,0.47613380304040115,True,False,True,True,True,True,5,6,PARTIAL
nf_meta_residual_positive_cap25,Block A,audit,30000,61.87311664853881,119.26200528784929,0.7054218532269323,0.39060645097680474,36.44965566947327,133.8925631677387,-8.001745605734449,9,0.0003,47.76990413143215,188.75503425912294,263.8567545635625,-126.13342656297445,-192.98263787792692,0.7747417527490836,0.7953488372093023,101.31950172613999,3001,1505,3009,2992,27008,189.00902173932346,47.78874801585119,-126.22268222147935,5.095005073853402,0.7743983957219251,0.4741187796208531,True,False,True,True,True,True,5,6,PARTIAL
nf_meta_residual_positive_cap25,Block A,complete_validation,100000,62.23511187105198,124.12426034945231,0.701506291535519,0.3907669200521726,36.785118334942794,132.77187570147223,-7.869347687288454,26,0.00026,47.66536516544384,193.1736714233899,273.22431632420603,-128.3124625226068,-198.48611463768194,0.7768900429441725,0.7952959936216862,100.3684467744212,10013,5017,10038,9974,90026,193.5696134606842,47.684534050700165,-128.587798479819,5.5050755704892955,0.777020252656908,0.4755292915380001,True,False,True,True,True,True,5,6,PARTIAL
nf_consensus_residual_positive_cap25,Block A,selection,70000,62.396096538154886,126.22495794882103,0.6996235194835454,0.3908252374685427,36.907562600694675,132.0883571453852,-7.962324252897855,17,0.00024285714285714286,47.61359130492736,195.18566294296608,277.72539364917066,-130.67710879719345,-203.39741450181094,0.7802338847689675,0.7996014802163394,99.95281306900706,7012,3513,7040,6982,63018,195.64538613837175,47.63290919503524,-131.03953732363127,5.673860672994119,0.7805786307648238,0.47613380304040115,True,False,True,True,True,True,5,6,PARTIAL
nf_consensus_residual_positive_cap25,Block A,audit,30000,61.87837301281433,119.31372106183824,0.7051663210502136,0.3905992009115443,36.44965566947327,133.87126540647063,-8.151638690492922,9,0.0003,47.765006478960196,188.8516429386817,264.2528201121162,-127.5877953812563,-195.67910480847206,0.7770743085638121,0.8,101.1944434628263,3001,1505,3009,2992,27008,189.10592101985682,47.78385199544648,-127.68142581227607,5.090109053448695,0.7767379679144385,0.4741187796208531,True,False,True,True,True,True,5,6,PARTIAL
nf_consensus_residual_positive_cap25,Block A,complete_validation,100000,62.24077948055271,124.19197726308165,0.7011805117675002,0.3907574402304594,36.79705448276424,132.7842813592994,-8.019118584176375,26,0.00026,47.659020736775425,193.28729142265672,273.6493085687456,-129.75120951014387,-201.15931133835906,0.7792869269949066,0.8000797289216663,100.24541889145225,10013,5017,10038,9974,90026,193.68367773305826,47.67819237049019,-130.03217120753195,5.498733890279317,0.7794265089232003,0.4755292915380001,True,False,True,True,True,True,5,6,PARTIAL
nf_meta_residual_positive_gamma15,Block A,selection,70000,62.40754275524229,126.24514920821242,0.6995274138540983,0.3908395318073967,36.9209189636599,131.9816786287317,-8.000905530802676,17,0.00024285714285714286,47.59661375526839,195.45243663007898,278.5347962483728,-130.90975391348258,-203.37287651296717,0.7825156873930404,0.8010247651579846,99.75011816620737,7012,3513,7040,6982,63018,195.91439437909082,47.61581915186371,-131.27209377060262,5.656770629822593,0.7828702377542252,0.47613380304040115,True,False,True,True,True,True,5,6,PARTIAL
nf_meta_residual_positive_gamma15,Block A,audit,30000,61.87983483340706,119.39646103352494,0.7047572651861223,0.39061211060411827,36.43323472679833,133.85048171534908,-8.208514896368989,9,0.0003,47.7423085560618,189.07046194505145,265.04520094157004,-127.95216224428466,-195.89030695013477,0.7797400866377874,0.8006644518272426,100.90587179302509,3001,1505,3009,2992,27008,189.32539823847836,47.76116163628127,-128.0468886986224,5.06741869428349,0.7794117647058824,0.4741187796208531,True,False,True,True,True,True,5,6,PARTIAL
nf_meta_residual_positive_gamma15,Block A,complete_validation,100000,62.249230378691706,124.23019303382607,0.70099658081957,0.39077131934365233,36.806781827090674,132.71760620596228,-8.063188340472571,26,0.00026,47.64032689079487,193.53969259434865,274.45499381871736,-130.02333300074284,-201.2039643413473,0.7816838110456407,0.8012756627466614,100.01774980235707,10013,5017,10038,9974,90026,193.93782766035085,47.659422220079,-130.30459692125783,5.479963739868134,0.7818327651894926,0.4755292915380001,True,False,True,True,True,True,5,6,PARTIAL
nf_meta_residual_positive_gamma20,Block A,selection,70000,62.41964881180863,126.3161903199016,0.6991891527389993,0.39084403627977526,36.921658002118264,132.01485793509792,-8.130708445485595,17,0.00024285714285714286,47.58186163746642,195.70580661806454,279.3417961266016,-132.07304507601728,-205.28228319261652,0.7853679406731318,0.8044406490179334,99.54604135269682,7012,3513,7040,6982,63018,196.16963885494815,47.60098699326154,-132.43959750262965,5.6419384712204215,0.7857347464909767,0.47613380304040115,True,False,True,True,True,True,5,6,PARTIAL
nf_meta_residual_positive_gamma20,Block A,audit,30000,61.887494915550235,119.49603528582986,0.704264606807079,0.39061941620409657,36.424650454102874,133.82829703763275,-8.351125210022111,9,0.0003,47.72567170500039,189.29671346324614,265.85817839810215,-129.22811394964515,-197.98322170091677,0.7820726424525158,0.8053156146179402,100.64326977630503,3001,1505,3009,2992,27008,189.55233032607939,47.74453032919423,-129.32667849400565,5.050787387196443,0.7817513368983957,0.4741187796208531,True,False,True,True,True,True,5,6,PARTIAL
nf_meta_residual_positive_gamma20,Block A,complete_validation,100000,62.26000264293112,124.30943926574203,0.700614991590931,0.39077666381389153,36.80190046846366,132.66321086474582,-8.19683347484655,26,0.00026,47.625009292276005,193.78493489554285,275.2659045163052,-131.22038969698573,-203.16654526449696,0.7843803056027164,0.8050627865258122,99.79650441864553,10013,5017,10038,9974,90026,194.18457898745513,47.64405031293442,-131.50578422071638,5.4645918327235465,0.7845398034890716,0.4755292915380001,True,False,True,True,True,True,5,6,PARTIAL
nf_global_convex_boosting_deep,Block A,selection,70000,62.4158807950902,127.9377990411572,0.6914161413801669,0.3863854636332093,36.80429745451846,131.9143980260606,-10.79952712896936,6,8.571428571428571e-05,47.24375107429052,198.70539974171484,285.69888843474615,-144.90773383276291,-226.03978400055234,0.8046206503137479,0.829490463990891,99.52319476389992,7012,3513,7040,6982,63018,199.1826581864566,47.26297781901164,-145.32342163691828,4.10487846077483,0.8050701804640504,0.4848932051159986,True,False,True,False,False,False,2,6,PARTIAL
nf_global_convex_boosting_deep,Block A,audit,30000,61.908933532882465,120.76871099094265,0.6979316851337016,0.38579255749184066,36.62552319325302,133.62012927756234,-10.99499718845605,2,6.666666666666667e-05,47.40165975473181,192.42605607079963,272.3045427221333,-141.86237527121713,-218.35361530499029,0.8013995334888371,0.826578073089701,100.6272127922639,3001,1505,3009,2992,27008,192.68706639961187,47.421071657243616,-141.99239521069953,3.5171553175626293,0.8011363636363636,0.4840417654028436,True,False,True,False,False,False,2,6,PARTIAL
nf_global_convex_boosting_deep,Block A,complete_validation,100000,62.263796616427896,125.82996766577911,0.6932461624538307,0.386207687364925,36.751796206850145,132.42293855667927,-10.858168146815368,8,8e-05,47.29112876732656,196.82341528586576,281.6643076577838,-143.99500827167245,-223.7967845172778,0.8036552481773694,0.8287821407215468,99.7748918060598,10013,5017,10038,9974,90026,197.2341109008902,47.310406321699396,-144.32418050324608,3.9285602121369347,0.8038901142971726,0.4846377713105103,True,False,True,False,False,False,2,6,PARTIAL
nf_global2_oldraw_direct_cap25,Block A,selection,70000,62.24993308548891,126.5161261063599,0.6982361402894625,0.3863327411854227,36.766835823900266,132.3453837566873,-8.319645638982546,6,8.571428571428571e-05,47.91895049579213,190.98352284016957,270.8454082048096,-126.628966310586,-201.32528116818122,0.7645464917284654,0.8044406490179334,101.42504314611132,7012,3513,7040,6982,63018,191.4118675092774,47.93959911508534,-126.98740835062775,4.827999783796766,0.7649670581495274,0.483956964676759,True,True,False,True,True,True,5,6,PARTIAL
nf_global2_oldraw_direct_cap25,Block A,audit,30000,61.799286000796855,119.4342363833162,0.7045704143901472,0.38584907139872904,36.550941290848385,133.2975499270679,-8.54500507983377,2,6.666666666666667e-05,48.08849204544683,185.1507441815685,257.6024541764935,-123.8762420746767,-194.4605121803559,0.7550816394535155,0.8026578073089701,103.26030985078042,3001,1505,3009,2992,27008,185.38606729706552,48.108096366672314,-123.95596226030455,4.240450484590421,0.7546791443850267,0.4831161137440758,True,False,False,True,True,True,4,6,PARTIAL
nf_global2_oldraw_direct_cap25,Block A,complete_validation,100000,62.114738960081304,124.43388670941694,0.7000152567884587,0.3861877038540565,36.699947550774596,132.7039850993988,-8.387253471237914,8,8e-05,47.96981842448325,189.23537855229762,266.86171536359393,-125.80394629341195,-199.33773259694863,0.7617097772895236,0.804066175004983,101.91224657721297,10013,5017,10038,9974,90026,189.6042482757765,47.990148664891635,-126.07803531049869,4.651733688746837,0.7618808903148185,0.4837047075289361,True,True,False,True,True,True,5,6,PARTIAL
