position,feature,formula,kind,sensitive_derivation,source_artifact,source_row_key,source_generation,source_evaluation_scope,scientific_status,evaluation_scope,target_definition,metric_units
1,agency_name,retained source field agency_name,raw_predictor,context/proxy relationships possible,regresionpart2/regression_v2/outputs/reports/feature_roles.json,contracts.main_without_sensitive_without_lender[0],regression_v2,not_applicable,supporting_analysis,not_applicable,reported loan_amount_000s among favorable actions 1/2/8,MAE/RMSE/absolute error kUSD; R2/RMSLE dimensionless; rates as named; percentage fields percent
2,loan_type_name,retained source field loan_type_name,raw_predictor,context/proxy relationships possible,regresionpart2/regression_v2/outputs/reports/feature_roles.json,contracts.main_without_sensitive_without_lender[1],regression_v2,not_applicable,supporting_analysis,not_applicable,reported loan_amount_000s among favorable actions 1/2/8,MAE/RMSE/absolute error kUSD; R2/RMSLE dimensionless; rates as named; percentage fields percent
3,property_type_name,retained source field property_type_name,raw_predictor,context/proxy relationships possible,regresionpart2/regression_v2/outputs/reports/feature_roles.json,contracts.main_without_sensitive_without_lender[2],regression_v2,not_applicable,supporting_analysis,not_applicable,reported loan_amount_000s among favorable actions 1/2/8,MAE/RMSE/absolute error kUSD; R2/RMSLE dimensionless; rates as named; percentage fields percent
4,loan_purpose_name,retained source field loan_purpose_name,raw_predictor,context/proxy relationships possible,regresionpart2/regression_v2/outputs/reports/feature_roles.json,contracts.main_without_sensitive_without_lender[3],regression_v2,not_applicable,supporting_analysis,not_applicable,reported loan_amount_000s among favorable actions 1/2/8,MAE/RMSE/absolute error kUSD; R2/RMSLE dimensionless; rates as named; percentage fields percent
5,owner_occupancy_name,retained source field owner_occupancy_name,raw_predictor,context/proxy relationships possible,regresionpart2/regression_v2/outputs/reports/feature_roles.json,contracts.main_without_sensitive_without_lender[4],regression_v2,not_applicable,supporting_analysis,not_applicable,reported loan_amount_000s among favorable actions 1/2/8,MAE/RMSE/absolute error kUSD; R2/RMSLE dimensionless; rates as named; percentage fields percent
6,preapproval_name,retained source field preapproval_name,raw_predictor,context/proxy relationships possible,regresionpart2/regression_v2/outputs/reports/feature_roles.json,contracts.main_without_sensitive_without_lender[5],regression_v2,not_applicable,supporting_analysis,not_applicable,reported loan_amount_000s among favorable actions 1/2/8,MAE/RMSE/absolute error kUSD; R2/RMSLE dimensionless; rates as named; percentage fields percent
7,msamd_name,retained source field msamd_name,raw_predictor,context/proxy relationships possible,regresionpart2/regression_v2/outputs/reports/feature_roles.json,contracts.main_without_sensitive_without_lender[6],regression_v2,not_applicable,supporting_analysis,not_applicable,reported loan_amount_000s among favorable actions 1/2/8,MAE/RMSE/absolute error kUSD; R2/RMSLE dimensionless; rates as named; percentage fields percent
8,state_name,retained source field state_name,raw_predictor,context/proxy relationships possible,regresionpart2/regression_v2/outputs/reports/feature_roles.json,contracts.main_without_sensitive_without_lender[7],regression_v2,not_applicable,supporting_analysis,not_applicable,reported loan_amount_000s among favorable actions 1/2/8,MAE/RMSE/absolute error kUSD; R2/RMSLE dimensionless; rates as named; percentage fields percent
9,state_abbr,retained source field state_abbr,raw_predictor,context/proxy relationships possible,regresionpart2/regression_v2/outputs/reports/feature_roles.json,contracts.main_without_sensitive_without_lender[8],regression_v2,not_applicable,supporting_analysis,not_applicable,reported loan_amount_000s among favorable actions 1/2/8,MAE/RMSE/absolute error kUSD; R2/RMSLE dimensionless; rates as named; percentage fields percent
10,state_code,retained source field state_code,raw_predictor,context/proxy relationships possible,regresionpart2/regression_v2/outputs/reports/feature_roles.json,contracts.main_without_sensitive_without_lender[9],regression_v2,not_applicable,supporting_analysis,not_applicable,reported loan_amount_000s among favorable actions 1/2/8,MAE/RMSE/absolute error kUSD; R2/RMSLE dimensionless; rates as named; percentage fields percent
11,county_name,retained source field county_name,raw_predictor,context/proxy relationships possible,regresionpart2/regression_v2/outputs/reports/feature_roles.json,contracts.main_without_sensitive_without_lender[10],regression_v2,not_applicable,supporting_analysis,not_applicable,reported loan_amount_000s among favorable actions 1/2/8,MAE/RMSE/absolute error kUSD; R2/RMSLE dimensionless; rates as named; percentage fields percent
12,county_code,retained source field county_code,raw_predictor,context/proxy relationships possible,regresionpart2/regression_v2/outputs/reports/feature_roles.json,contracts.main_without_sensitive_without_lender[11],regression_v2,not_applicable,supporting_analysis,not_applicable,reported loan_amount_000s among favorable actions 1/2/8,MAE/RMSE/absolute error kUSD; R2/RMSLE dimensionless; rates as named; percentage fields percent
13,census_tract_number,retained source field census_tract_number,raw_predictor,context/proxy relationships possible,regresionpart2/regression_v2/outputs/reports/feature_roles.json,contracts.main_without_sensitive_without_lender[12],regression_v2,not_applicable,supporting_analysis,not_applicable,reported loan_amount_000s among favorable actions 1/2/8,MAE/RMSE/absolute error kUSD; R2/RMSLE dimensionless; rates as named; percentage fields percent
14,lien_status_name,retained source field lien_status_name,raw_predictor,context/proxy relationships possible,regresionpart2/regression_v2/outputs/reports/feature_roles.json,contracts.main_without_sensitive_without_lender[13],regression_v2,not_applicable,supporting_analysis,not_applicable,reported loan_amount_000s among favorable actions 1/2/8,MAE/RMSE/absolute error kUSD; R2/RMSLE dimensionless; rates as named; percentage fields percent
15,applicant_income_000s,retained source field applicant_income_000s,raw_predictor,context/proxy relationships possible,regresionpart2/regression_v2/outputs/reports/feature_roles.json,contracts.main_without_sensitive_without_lender[14],regression_v2,not_applicable,supporting_analysis,not_applicable,reported loan_amount_000s among favorable actions 1/2/8,MAE/RMSE/absolute error kUSD; R2/RMSLE dimensionless; rates as named; percentage fields percent
16,population,retained source field population,raw_predictor,context/proxy relationships possible,regresionpart2/regression_v2/outputs/reports/feature_roles.json,contracts.main_without_sensitive_without_lender[15],regression_v2,not_applicable,supporting_analysis,not_applicable,reported loan_amount_000s among favorable actions 1/2/8,MAE/RMSE/absolute error kUSD; R2/RMSLE dimensionless; rates as named; percentage fields percent
17,hud_median_family_income,retained source field hud_median_family_income,raw_predictor,context/proxy relationships possible,regresionpart2/regression_v2/outputs/reports/feature_roles.json,contracts.main_without_sensitive_without_lender[16],regression_v2,not_applicable,supporting_analysis,not_applicable,reported loan_amount_000s among favorable actions 1/2/8,MAE/RMSE/absolute error kUSD; R2/RMSLE dimensionless; rates as named; percentage fields percent
18,tract_to_msamd_income,retained source field tract_to_msamd_income,raw_predictor,context/proxy relationships possible,regresionpart2/regression_v2/outputs/reports/feature_roles.json,contracts.main_without_sensitive_without_lender[17],regression_v2,not_applicable,supporting_analysis,not_applicable,reported loan_amount_000s among favorable actions 1/2/8,MAE/RMSE/absolute error kUSD; R2/RMSLE dimensionless; rates as named; percentage fields percent
19,number_of_owner_occupied_units,retained source field number_of_owner_occupied_units,raw_predictor,context/proxy relationships possible,regresionpart2/regression_v2/outputs/reports/feature_roles.json,contracts.main_without_sensitive_without_lender[18],regression_v2,not_applicable,supporting_analysis,not_applicable,reported loan_amount_000s among favorable actions 1/2/8,MAE/RMSE/absolute error kUSD; R2/RMSLE dimensionless; rates as named; percentage fields percent
20,number_of_1_to_4_family_units,retained source field number_of_1_to_4_family_units,raw_predictor,context/proxy relationships possible,regresionpart2/regression_v2/outputs/reports/feature_roles.json,contracts.main_without_sensitive_without_lender[19],regression_v2,not_applicable,supporting_analysis,not_applicable,reported loan_amount_000s among favorable actions 1/2/8,MAE/RMSE/absolute error kUSD; R2/RMSLE dimensionless; rates as named; percentage fields percent
21,log1p_applicant_income,log1p(applicant_income_000s),engineered,context/proxy relationships possible,regresionpart2/regression_v2/outputs/reports/feature_roles.json,contracts.main_without_sensitive_without_lender[20],regression_v2,not_applicable,supporting_analysis,not_applicable,reported loan_amount_000s among favorable actions 1/2/8,MAE/RMSE/absolute error kUSD; R2/RMSLE dimensionless; rates as named; percentage fields percent
22,log1p_population,log1p(population),engineered,context/proxy relationships possible,regresionpart2/regression_v2/outputs/reports/feature_roles.json,contracts.main_without_sensitive_without_lender[21],regression_v2,not_applicable,supporting_analysis,not_applicable,reported loan_amount_000s among favorable actions 1/2/8,MAE/RMSE/absolute error kUSD; R2/RMSLE dimensionless; rates as named; percentage fields percent
23,log1p_hud_median_family_income,log1p(hud_median_family_income),engineered,context/proxy relationships possible,regresionpart2/regression_v2/outputs/reports/feature_roles.json,contracts.main_without_sensitive_without_lender[22],regression_v2,not_applicable,supporting_analysis,not_applicable,reported loan_amount_000s among favorable actions 1/2/8,MAE/RMSE/absolute error kUSD; R2/RMSLE dimensionless; rates as named; percentage fields percent
24,log1p_owner_occupied_units,log1p(number_of_owner_occupied_units),engineered,context/proxy relationships possible,regresionpart2/regression_v2/outputs/reports/feature_roles.json,contracts.main_without_sensitive_without_lender[23],regression_v2,not_applicable,supporting_analysis,not_applicable,reported loan_amount_000s among favorable actions 1/2/8,MAE/RMSE/absolute error kUSD; R2/RMSLE dimensionless; rates as named; percentage fields percent
25,log1p_1_to_4_family_units,log1p(number_of_1_to_4_family_units),engineered,context/proxy relationships possible,regresionpart2/regression_v2/outputs/reports/feature_roles.json,contracts.main_without_sensitive_without_lender[24],regression_v2,not_applicable,supporting_analysis,not_applicable,reported loan_amount_000s among favorable actions 1/2/8,MAE/RMSE/absolute error kUSD; R2/RMSLE dimensionless; rates as named; percentage fields percent
26,applicant_income_to_area_income,applicant_income_000s / (hud_median_family_income / 1000),engineered,context/proxy relationships possible,regresionpart2/regression_v2/outputs/reports/feature_roles.json,contracts.main_without_sensitive_without_lender[25],regression_v2,not_applicable,supporting_analysis,not_applicable,reported loan_amount_000s among favorable actions 1/2/8,MAE/RMSE/absolute error kUSD; R2/RMSLE dimensionless; rates as named; percentage fields percent
27,tract_income_ratio,tract_to_msamd_income / 100,engineered,context/proxy relationships possible,regresionpart2/regression_v2/outputs/reports/feature_roles.json,contracts.main_without_sensitive_without_lender[26],regression_v2,not_applicable,supporting_analysis,not_applicable,reported loan_amount_000s among favorable actions 1/2/8,MAE/RMSE/absolute error kUSD; R2/RMSLE dimensionless; rates as named; percentage fields percent
28,owner_occupied_unit_ratio,number_of_owner_occupied_units / number_of_1_to_4_family_units,engineered,context/proxy relationships possible,regresionpart2/regression_v2/outputs/reports/feature_roles.json,contracts.main_without_sensitive_without_lender[27],regression_v2,not_applicable,supporting_analysis,not_applicable,reported loan_amount_000s among favorable actions 1/2/8,MAE/RMSE/absolute error kUSD; R2/RMSLE dimensionless; rates as named; percentage fields percent
29,family_units_per_1000_people,1000 * number_of_1_to_4_family_units / population,engineered,context/proxy relationships possible,regresionpart2/regression_v2/outputs/reports/feature_roles.json,contracts.main_without_sensitive_without_lender[28],regression_v2,not_applicable,supporting_analysis,not_applicable,reported loan_amount_000s among favorable actions 1/2/8,MAE/RMSE/absolute error kUSD; R2/RMSLE dimensionless; rates as named; percentage fields percent
30,owner_occupied_units_per_1000_people,1000 * number_of_owner_occupied_units / population,engineered,context/proxy relationships possible,regresionpart2/regression_v2/outputs/reports/feature_roles.json,contracts.main_without_sensitive_without_lender[29],regression_v2,not_applicable,supporting_analysis,not_applicable,reported loan_amount_000s among favorable actions 1/2/8,MAE/RMSE/absolute error kUSD; R2/RMSLE dimensionless; rates as named; percentage fields percent
31,has_co_applicant,1[co_applicant_sex_name does not contain No co-applicant (case-insensitive)],engineered,co-applicant-sex-derived,regresionpart2/regression_v2/outputs/reports/feature_roles.json,contracts.main_without_sensitive_without_lender[30],regression_v2,not_applicable,supporting_analysis,not_applicable,reported loan_amount_000s among favorable actions 1/2/8,MAE/RMSE/absolute error kUSD; R2/RMSLE dimensionless; rates as named; percentage fields percent
32,loan_program_group,"Government backed if loan_type_name matches FHA|VA|FSA|RHS, else Conventional",engineered,context/proxy relationships possible,regresionpart2/regression_v2/outputs/reports/feature_roles.json,contracts.main_without_sensitive_without_lender[31],regression_v2,not_applicable,supporting_analysis,not_applicable,reported loan_amount_000s among favorable actions 1/2/8,MAE/RMSE/absolute error kUSD; R2/RMSLE dimensionless; rates as named; percentage fields percent
33,applicant_income_area_group,"right-closed bins (-inf,0.5,0.8,1.2,inf) of applicant_income_to_area_income: Very low/Low/Moderate/High",engineered,context/proxy relationships possible,regresionpart2/regression_v2/outputs/reports/feature_roles.json,contracts.main_without_sensitive_without_lender[32],regression_v2,not_applicable,supporting_analysis,not_applicable,reported loan_amount_000s among favorable actions 1/2/8,MAE/RMSE/absolute error kUSD; R2/RMSLE dimensionless; rates as named; percentage fields percent
34,tract_income_level,same right-closed bins of tract_income_ratio,engineered,context/proxy relationships possible,regresionpart2/regression_v2/outputs/reports/feature_roles.json,contracts.main_without_sensitive_without_lender[33],regression_v2,not_applicable,supporting_analysis,not_applicable,reported loan_amount_000s among favorable actions 1/2/8,MAE/RMSE/absolute error kUSD; R2/RMSLE dimensionless; rates as named; percentage fields percent
35,us_region,STATE_TO_REGION lookup; unknown and Puerto Rico -> Other,engineered,context/proxy relationships possible,regresionpart2/regression_v2/outputs/reports/feature_roles.json,contracts.main_without_sensitive_without_lender[34],regression_v2,not_applicable,supporting_analysis,not_applicable,reported loan_amount_000s among favorable actions 1/2/8,MAE/RMSE/absolute error kUSD; R2/RMSLE dimensionless; rates as named; percentage fields percent
