model_id,decile,decile_index,n,target_min,target_max,mean_target,median_target,mean_prediction,median_prediction,mae,mape_percent,mape_invalid_nonpositive_rows,mape_valid_rows,mape_valid_coverage,wape_percent,rmse,mean_signed_error,underprediction_rate,target,mae_unit,source_artifact,source_row_key,source_generation,source_evaluation_scope,scientific_status,evaluation_scope,source_sha256,target_definition,metric_units
final_primary_stage3_500k,D1,1,7719,1.0,70.0,36.07371421168545,37.0,60.126968345042116,48.316459385315,29.278093846953787,104.07892309469986,0,7719,1.0,81.1618500804934,47.905150109048066,24.053254133356663,0.2682990024614587,loan_amount_000s,kUSD,regresionpart2/regression_v2/outputs/reports/prompt5a_iid_local_decile_metrics.csv,final_primary_stage3_500k|D1,regression_v2,iid_evaluation,supporting_analysis,iid_evaluation,d04a25f6ab1622fea0022f3d71e281b7a03eeb3bb45e0a95afa0bb39b4819bcd,reported loan_amount_000s among favorable actions 1/2/8,MAE/RMSE/absolute error kUSD; R2/RMSLE dimensionless; rates as named; percentage fields percent
final_primary_stage3_500k,D2,2,7366,71.0,110.0,92.1475699158295,93.0,125.40150104655099,116.06447903840959,41.86658280113268,46.359182171004136,0,7366,1.0,45.43427769107198,62.06144810112834,33.253931130721504,0.23879989139288624,loan_amount_000s,kUSD,regresionpart2/regression_v2/outputs/reports/prompt5a_iid_local_decile_metrics.csv,final_primary_stage3_500k|D2,regression_v2,iid_evaluation,supporting_analysis,iid_evaluation,d04a25f6ab1622fea0022f3d71e281b7a03eeb3bb45e0a95afa0bb39b4819bcd,reported loan_amount_000s among favorable actions 1/2/8,MAE/RMSE/absolute error kUSD; R2/RMSLE dimensionless; rates as named; percentage fields percent
final_primary_stage3_500k,D3,3,7664,111.0,142.0,126.8322025052192,127.0,151.29672151950382,141.386065180248,38.524686351988095,30.50762656909754,0,7664,1.0,30.37453075089726,59.257045615576736,24.464519014284637,0.34146659707724425,loan_amount_000s,kUSD,regresionpart2/regression_v2/outputs/reports/prompt5a_iid_local_decile_metrics.csv,final_primary_stage3_500k|D3,regression_v2,iid_evaluation,supporting_analysis,iid_evaluation,d04a25f6ab1622fea0022f3d71e281b7a03eeb3bb45e0a95afa0bb39b4819bcd,reported loan_amount_000s among favorable actions 1/2/8,MAE/RMSE/absolute error kUSD; R2/RMSLE dimensionless; rates as named; percentage fields percent
final_primary_stage3_500k,D4,4,7338,143.0,171.0,156.83892068683565,157.0,174.7569521050812,165.10974661581795,38.65375047942644,24.739947824476733,0,7338,1.0,24.645509105872637,58.183537543938,17.91803141824557,0.41373671300081766,loan_amount_000s,kUSD,regresionpart2/regression_v2/outputs/reports/prompt5a_iid_local_decile_metrics.csv,final_primary_stage3_500k|D4,regression_v2,iid_evaluation,supporting_analysis,iid_evaluation,d04a25f6ab1622fea0022f3d71e281b7a03eeb3bb45e0a95afa0bb39b4819bcd,reported loan_amount_000s among favorable actions 1/2/8,MAE/RMSE/absolute error kUSD; R2/RMSLE dimensionless; rates as named; percentage fields percent
final_primary_stage3_500k,D5,5,7495,172.0,202.0,186.9581054036024,187.0,198.40150024197587,188.5540977565271,41.88912214651246,22.37585793416655,0,7495,1.0,22.405619727522826,63.013669155777286,11.443394838373445,0.47871914609739824,loan_amount_000s,kUSD,regresionpart2/regression_v2/outputs/reports/prompt5a_iid_local_decile_metrics.csv,final_primary_stage3_500k|D5,regression_v2,iid_evaluation,supporting_analysis,iid_evaluation,d04a25f6ab1622fea0022f3d71e281b7a03eeb3bb45e0a95afa0bb39b4819bcd,reported loan_amount_000s among favorable actions 1/2/8,MAE/RMSE/absolute error kUSD; R2/RMSLE dimensionless; rates as named; percentage fields percent
final_primary_stage3_500k,D6,6,7464,203.0,239.0,220.54086280814576,220.0,222.69154993174686,214.53810072002094,44.65646790266958,20.279286426775,0,7464,1.0,20.248613945759978,63.74737350072769,2.1506871236010903,0.5545284030010718,loan_amount_000s,kUSD,regresionpart2/regression_v2/outputs/reports/prompt5a_iid_local_decile_metrics.csv,final_primary_stage3_500k|D6,regression_v2,iid_evaluation,supporting_analysis,iid_evaluation,d04a25f6ab1622fea0022f3d71e281b7a03eeb3bb45e0a95afa0bb39b4819bcd,reported loan_amount_000s among favorable actions 1/2/8,MAE/RMSE/absolute error kUSD; R2/RMSLE dimensionless; rates as named; percentage fields percent
final_primary_stage3_500k,D7,7,7456,240.0,282.0,260.0352736051502,260.0,251.98349270105118,243.18453049336802,52.311608832719045,20.127824303947865,0,7456,1.0,20.117120307359322,72.85397323240468,-8.05178090409904,0.615343347639485,loan_amount_000s,kUSD,regresionpart2/regression_v2/outputs/reports/prompt5a_iid_local_decile_metrics.csv,final_primary_stage3_500k|D7,regression_v2,iid_evaluation,supporting_analysis,iid_evaluation,d04a25f6ab1622fea0022f3d71e281b7a03eeb3bb45e0a95afa0bb39b4819bcd,reported loan_amount_000s among favorable actions 1/2/8,MAE/RMSE/absolute error kUSD; R2/RMSLE dimensionless; rates as named; percentage fields percent
final_primary_stage3_500k,D8,8,7535,283.0,347.0,312.38858659588584,311.0,293.5402802878677,284.54329669999623,62.252485824530545,19.938874640098785,0,7535,1.0,19.927900216489665,85.87858008703573,-18.84830630801819,0.6642335766423357,loan_amount_000s,kUSD,regresionpart2/regression_v2/outputs/reports/prompt5a_iid_local_decile_metrics.csv,final_primary_stage3_500k|D8,regression_v2,iid_evaluation,supporting_analysis,iid_evaluation,d04a25f6ab1622fea0022f3d71e281b7a03eeb3bb45e0a95afa0bb39b4819bcd,reported loan_amount_000s among favorable actions 1/2/8,MAE/RMSE/absolute error kUSD; R2/RMSLE dimensionless; rates as named; percentage fields percent
final_primary_stage3_500k,D9,9,7482,348.0,438.0,391.9894413258487,393.0,354.24068214113726,341.93042470763817,81.70848355968018,20.81798752579484,0,7482,1.0,20.844562364565945,107.36529167564214,-37.74875918471138,0.7262763966853782,loan_amount_000s,kUSD,regresionpart2/regression_v2/outputs/reports/prompt5a_iid_local_decile_metrics.csv,final_primary_stage3_500k|D9,regression_v2,iid_evaluation,supporting_analysis,iid_evaluation,d04a25f6ab1622fea0022f3d71e281b7a03eeb3bb45e0a95afa0bb39b4819bcd,reported loan_amount_000s among favorable actions 1/2/8,MAE/RMSE/absolute error kUSD; R2/RMSLE dimensionless; rates as named; percentage fields percent
final_primary_stage3_500k,D10,10,7481,439.0,14400.0,716.8545648977409,592.0,586.5153876206433,499.0758575800152,192.29249039724837,24.281398522928292,0,7481,1.0,26.82447735053188,370.3225882120479,-130.3391772770977,0.7766341398208796,loan_amount_000s,kUSD,regresionpart2/regression_v2/outputs/reports/prompt5a_iid_local_decile_metrics.csv,final_primary_stage3_500k|D10,regression_v2,iid_evaluation,supporting_analysis,iid_evaluation,d04a25f6ab1622fea0022f3d71e281b7a03eeb3bb45e0a95afa0bb39b4819bcd,reported loan_amount_000s among favorable actions 1/2/8,MAE/RMSE/absolute error kUSD; R2/RMSLE dimensionless; rates as named; percentage fields percent
final_global_500k,D1,1,7719,1.0,70.0,36.07371421168545,37.0,60.126968345042116,48.316459385315,29.278093846953787,104.07892309469986,0,7719,1.0,81.1618500804934,47.905150109048066,24.053254133356663,0.2682990024614587,loan_amount_000s,kUSD,regresionpart2/regression_v2/outputs/reports/prompt5a_iid_local_decile_metrics.csv,final_global_500k|D1,regression_v2,iid_evaluation,supporting_analysis,iid_evaluation,d04a25f6ab1622fea0022f3d71e281b7a03eeb3bb45e0a95afa0bb39b4819bcd,reported loan_amount_000s among favorable actions 1/2/8,MAE/RMSE/absolute error kUSD; R2/RMSLE dimensionless; rates as named; percentage fields percent
final_global_500k,D2,2,7366,71.0,110.0,92.1475699158295,93.0,125.39748890464612,116.06447903840959,41.8625706592278,46.35449192250692,0,7366,1.0,45.429923651232905,62.025142549526414,33.249918988816624,0.23879989139288624,loan_amount_000s,kUSD,regresionpart2/regression_v2/outputs/reports/prompt5a_iid_local_decile_metrics.csv,final_global_500k|D2,regression_v2,iid_evaluation,supporting_analysis,iid_evaluation,d04a25f6ab1622fea0022f3d71e281b7a03eeb3bb45e0a95afa0bb39b4819bcd,reported loan_amount_000s among favorable actions 1/2/8,MAE/RMSE/absolute error kUSD; R2/RMSLE dimensionless; rates as named; percentage fields percent
final_global_500k,D3,3,7664,111.0,142.0,126.8322025052192,127.0,151.29377484022925,141.386065180248,38.52173967271349,30.505341452692043,0,7664,1.0,30.37220746137268,59.223230594908365,24.46157233501003,0.34146659707724425,loan_amount_000s,kUSD,regresionpart2/regression_v2/outputs/reports/prompt5a_iid_local_decile_metrics.csv,final_global_500k|D3,regression_v2,iid_evaluation,supporting_analysis,iid_evaluation,d04a25f6ab1622fea0022f3d71e281b7a03eeb3bb45e0a95afa0bb39b4819bcd,reported loan_amount_000s among favorable actions 1/2/8,MAE/RMSE/absolute error kUSD; R2/RMSLE dimensionless; rates as named; percentage fields percent
final_global_500k,D4,4,7338,143.0,171.0,156.83892068683565,157.0,174.74255685299522,165.10974661581795,38.63935522734048,24.730409268603445,0,7338,1.0,24.63633073865172,58.05695260567984,17.903636166159608,0.41373671300081766,loan_amount_000s,kUSD,regresionpart2/regression_v2/outputs/reports/prompt5a_iid_local_decile_metrics.csv,final_global_500k|D4,regression_v2,iid_evaluation,supporting_analysis,iid_evaluation,d04a25f6ab1622fea0022f3d71e281b7a03eeb3bb45e0a95afa0bb39b4819bcd,reported loan_amount_000s among favorable actions 1/2/8,MAE/RMSE/absolute error kUSD; R2/RMSLE dimensionless; rates as named; percentage fields percent
final_global_500k,D5,5,7495,172.0,202.0,186.9581054036024,187.0,198.37366221166067,188.5540977565271,41.861284116197304,22.361631295928515,0,7495,1.0,22.390729744414013,62.71289165760095,11.415556808058287,0.47871914609739824,loan_amount_000s,kUSD,regresionpart2/regression_v2/outputs/reports/prompt5a_iid_local_decile_metrics.csv,final_global_500k|D5,regression_v2,iid_evaluation,supporting_analysis,iid_evaluation,d04a25f6ab1622fea0022f3d71e281b7a03eeb3bb45e0a95afa0bb39b4819bcd,reported loan_amount_000s among favorable actions 1/2/8,MAE/RMSE/absolute error kUSD; R2/RMSLE dimensionless; rates as named; percentage fields percent
final_global_500k,D6,6,7464,203.0,239.0,220.54086280814576,220.0,222.64045784744926,214.53810072002094,44.60537581837198,20.256087035243926,0,7464,1.0,20.225447225703185,63.362589439111964,2.0995950393034986,0.5545284030010718,loan_amount_000s,kUSD,regresionpart2/regression_v2/outputs/reports/prompt5a_iid_local_decile_metrics.csv,final_global_500k|D6,regression_v2,iid_evaluation,supporting_analysis,iid_evaluation,d04a25f6ab1622fea0022f3d71e281b7a03eeb3bb45e0a95afa0bb39b4819bcd,reported loan_amount_000s among favorable actions 1/2/8,MAE/RMSE/absolute error kUSD; R2/RMSLE dimensionless; rates as named; percentage fields percent
final_global_500k,D7,7,7456,240.0,282.0,260.0352736051502,260.0,251.8905781622211,243.18453049336802,52.218694293888944,20.092083267334022,0,7456,1.0,20.081388793883505,72.02874339477368,-8.144695442929146,0.615343347639485,loan_amount_000s,kUSD,regresionpart2/regression_v2/outputs/reports/prompt5a_iid_local_decile_metrics.csv,final_global_500k|D7,regression_v2,iid_evaluation,supporting_analysis,iid_evaluation,d04a25f6ab1622fea0022f3d71e281b7a03eeb3bb45e0a95afa0bb39b4819bcd,reported loan_amount_000s among favorable actions 1/2/8,MAE/RMSE/absolute error kUSD; R2/RMSLE dimensionless; rates as named; percentage fields percent
final_global_500k,D8,8,7535,283.0,347.0,312.38858659588584,311.0,293.36053802839956,284.54329669999623,62.072743565062446,19.88139563467936,0,7535,1.0,19.87036217983258,84.573771496946,-19.028048567486284,0.6642335766423357,loan_amount_000s,kUSD,regresionpart2/regression_v2/outputs/reports/prompt5a_iid_local_decile_metrics.csv,final_global_500k|D8,regression_v2,iid_evaluation,supporting_analysis,iid_evaluation,d04a25f6ab1622fea0022f3d71e281b7a03eeb3bb45e0a95afa0bb39b4819bcd,reported loan_amount_000s among favorable actions 1/2/8,MAE/RMSE/absolute error kUSD; R2/RMSLE dimensionless; rates as named; percentage fields percent
final_global_500k,D9,9,7482,348.0,438.0,391.9894413258487,393.0,353.7251987112851,341.93042470763817,81.19431205908066,20.69082669853292,0,7482,1.0,20.7133926323251,105.62203915600709,-38.26424261456361,0.7262763966853782,loan_amount_000s,kUSD,regresionpart2/regression_v2/outputs/reports/prompt5a_iid_local_decile_metrics.csv,final_global_500k|D9,regression_v2,iid_evaluation,supporting_analysis,iid_evaluation,d04a25f6ab1622fea0022f3d71e281b7a03eeb3bb45e0a95afa0bb39b4819bcd,reported loan_amount_000s among favorable actions 1/2/8,MAE/RMSE/absolute error kUSD; R2/RMSLE dimensionless; rates as named; percentage fields percent
final_global_500k,D10,10,7481,439.0,14400.0,716.8545648977409,592.0,574.1024573813424,497.4044107710962,195.02222899694058,24.25260276212219,0,7481,1.0,27.205271270715897,380.4279905280966,-142.75210751639852,0.7930757920064162,loan_amount_000s,kUSD,regresionpart2/regression_v2/outputs/reports/prompt5a_iid_local_decile_metrics.csv,final_global_500k|D10,regression_v2,iid_evaluation,supporting_analysis,iid_evaluation,d04a25f6ab1622fea0022f3d71e281b7a03eeb3bb45e0a95afa0bb39b4819bcd,reported loan_amount_000s among favorable actions 1/2/8,MAE/RMSE/absolute error kUSD; R2/RMSLE dimensionless; rates as named; percentage fields percent
