Sensitive field,Group,n,Mean target,Primary MAE,Global MAE,Primary minus Global MAE,Primary underprediction,D10 share,Descriptive flag
applicant_ethnicity_name,Hispanic or Latino,7760,218.9,46.266520353182926,46.35398214630448,-0.0874617931215482,0.5077319587628866,0.0625,Descriptive only; target composition differs; not causal or legal evidence.
applicant_ethnicity_name,"Information not provided by applicant in mail, Internet, or telephone application",7574,275.2678901505149,70.34100477164682,71.04776462993703,-0.7067598582902122,0.4973593873778716,0.1301822022709268,Descriptive only; target composition differs; not causal or legal evidence.
applicant_ethnicity_name,Not Hispanic or Latino,59613,250.23206347608743,63.25058649321388,63.3811484998754,-0.1305620066615205,0.5085132437555566,0.1007330615805277,Descriptive only; target composition differs; not causal or legal evidence.
co_applicant_ethnicity_name,Hispanic or Latino,3239,250.52392713800555,54.188032185605934,54.32479893780647,-0.1367667522005362,0.4862611917258413,0.0913862303179993,Descriptive only; target composition differs; not causal or legal evidence.
co_applicant_ethnicity_name,"Information not provided by applicant in mail, Internet, or telephone application",3893,301.1967634215258,76.73776652994066,77.42007104835214,-0.6823045184114847,0.4944772668892884,0.159773953249422,Descriptive only; target composition differs; not causal or legal evidence.
co_applicant_ethnicity_name,No co-applicant,40692,222.41482355254104,54.1820899589754,54.30281343255437,-0.1207234735789697,0.5098790917133589,0.0727415708247321,Descriptive only; target composition differs; not causal or legal evidence.
co_applicant_ethnicity_name,Not Hispanic or Latino,27118,282.7999852496497,73.30909222105751,73.52089514124056,-0.2118029201830467,0.5075964304152224,0.1326794011357769,Descriptive only; target composition differs; not causal or legal evidence.
applicant_race_name_1,American Indian or Alaska Native,507,207.9585798816568,46.97060422877328,47.20408508852494,-0.2334808597516655,0.4497041420118343,0.0769230769230769,Descriptive only; target composition differs; not causal or legal evidence.
applicant_race_name_1,Asian,4792,358.2913188647746,83.28873143351395,83.63946259892492,-0.350731165410977,0.5598914858096828,0.246661101836394,Descriptive only; target composition differs; not causal or legal evidence.
applicant_race_name_1,Black or African American,4800,201.034375,43.37069017971066,43.477895562300425,-0.1072053825897683,0.5152083333333334,0.0464583333333333,Descriptive only; target composition differs; not causal or legal evidence.
applicant_race_name_1,"Information not provided by applicant in mail, Internet, or telephone application",8176,274.6735567514677,69.79560285137106,70.36342318537096,-0.5678203339999044,0.5024461839530333,0.1289138943248532,Descriptive only; target composition differs; not causal or legal evidence.
applicant_race_name_1,Native Hawaiian or Other Pacific Islander,338,277.08579881656806,59.69914668867146,60.00628262940239,-0.3071359407309302,0.5118343195266272,0.1538461538461538,Descriptive only; target composition differs; not causal or legal evidence.
applicant_race_name_1,White,56362,240.9249671764664,61.07613651079876,61.196139368358985,-0.1200028575602232,0.5033355807104077,0.0874347964940917,Descriptive only; target composition differs; not causal or legal evidence.
co_applicant_race_name_1,Asian,2203,405.16386745347256,97.01691030272316,98.05174096257336,-1.0348306598502006,0.5483431684067182,0.300953245574217,Descriptive only; target composition differs; not causal or legal evidence.
co_applicant_race_name_1,Black or African American,1276,245.53918495297805,53.76194625353753,53.88770813527389,-0.1257618817363592,0.5399686520376176,0.0893416927899686,Descriptive only; target composition differs; not causal or legal evidence.
co_applicant_race_name_1,"Information not provided by applicant in mail, Internet, or telephone application",4201,300.8300404665556,76.12373757329512,76.66659177944197,-0.5428542061468562,0.4982147107831469,0.1580576053320637,Descriptive only; target composition differs; not causal or legal evidence.
co_applicant_race_name_1,No co-applicant,40692,222.41482355254104,54.1820899589754,54.30281343255437,-0.1207234735789697,0.5098790917133589,0.0727415708247321,Descriptive only; target composition differs; not causal or legal evidence.
co_applicant_race_name_1,White,26216,270.5949801647849,70.17203374495193,70.32998898565394,-0.1579552407020088,0.5001144339334758,0.1163411657003356,Descriptive only; target composition differs; not causal or legal evidence.
applicant_sex_name,Female,22123,212.56588166161916,51.52514458507246,51.48457971544297,0.0405648696294917,0.4812186412331058,0.0635085657460561,Descriptive only; target composition differs; not causal or legal evidence.
applicant_sex_name,"Information not provided by applicant in mail, Internet, or telephone application",4876,274.51210008203446,72.67629336429076,73.51312387259063,-0.8368305082998688,0.5024610336341263,0.1277686628383921,Descriptive only; target composition differs; not causal or legal evidence.
applicant_sex_name,Male,47982,263.99012129548584,66.07585383783456,66.29731894032177,-0.2214651024872154,0.5198199324746781,0.1136051019132174,Descriptive only; target composition differs; not causal or legal evidence.
co_applicant_sex_name,Female,24643,285.9610031246196,72.66136306086814,72.99437917857452,-0.3330161177063786,0.5177129407945461,0.1341557440246723,Descriptive only; target composition differs; not causal or legal evidence.
co_applicant_sex_name,"Information not provided by applicant in mail, Internet, or telephone application",2554,298.87901331245104,79.34146543474353,79.97630174733148,-0.6348363125879501,0.4945184025058731,0.158574784651527,Descriptive only; target composition differs; not causal or legal evidence.
co_applicant_sex_name,Male,7066,261.1419473535239,66.46217423201641,66.32453952189734,0.1376347101190731,0.4600905745825078,0.1140673648457401,Descriptive only; target composition differs; not causal or legal evidence.
co_applicant_sex_name,No co-applicant,40692,222.41482355254104,54.1820899589754,54.30281343255437,-0.1207234735789697,0.5098790917133589,0.0727415708247321,Descriptive only; target composition differs; not causal or legal evidence.
majority_minority_tract,Majority minority,16757,246.6558453183744,55.888120997107066,56.07278792328192,-0.1846669261748559,0.5036104314614788,0.1092080921405979,Descriptive only; target composition differs; not causal or legal evidence.
majority_minority_tract,Not majority minority,58243,250.3754785982865,64.09404918535265,64.2775010059464,-0.1834518205937598,0.5083529351166663,0.0970245351372697,Descriptive only; target composition differs; not causal or legal evidence.
