Decile,n,Target min,Target max,Mean target,Primary MAE,Primary MAPE %,Primary WAPE %,Primary signed error,Primary underprediction rate,Global MAE,Global MAPE %,Global WAPE %,Primary minus Global MAE
D1,7719,1.0,70.0,36.07371421168545,29.278093846953787,104.07892309469986,81.1618500804934,24.053254133356663,0.2682990024614587,29.278093846953787,104.07892309469986,81.1618500804934,0.0
D2,7366,71.0,110.0,92.1475699158295,41.86658280113268,46.359182171004136,45.43427769107198,33.253931130721504,0.2387998913928862,41.8625706592278,46.35449192250692,45.429923651232905,0.004012141904880195
D3,7664,111.0,142.0,126.8322025052192,38.524686351988095,30.50762656909754,30.37453075089726,24.46451901428464,0.3414665970772442,38.52173967271349,30.505341452692043,30.37220746137268,0.0029466792746077886
D4,7338,143.0,171.0,156.83892068683565,38.65375047942644,24.739947824476733,24.64550910587264,17.91803141824557,0.4137367130008176,38.63935522734048,24.730409268603445,24.63633073865172,0.014395252085961374
D5,7495,172.0,202.0,186.9581054036024,41.88912214651246,22.37585793416655,22.405619727522826,11.443394838373443,0.4787191460973982,41.8612841161973,22.361631295928515,22.390729744414013,0.027838030315166407
D6,7464,203.0,239.0,220.54086280814576,44.65646790266958,20.279286426775,20.248613945759978,2.1506871236010903,0.5545284030010718,44.60537581837198,20.25608703524393,20.225447225703185,0.05109208429760059
D7,7456,240.0,282.0,260.0352736051502,52.311608832719045,20.127824303947865,20.11712030735932,-8.05178090409904,0.615343347639485,52.218694293888944,20.092083267334026,20.081388793883505,0.09291453883010092
D8,7535,283.0,347.0,312.38858659588584,62.25248582453055,19.938874640098785,19.927900216489665,-18.84830630801819,0.6642335766423357,62.072743565062446,19.88139563467936,19.87036217983258,0.17974225946810662
D9,7482,348.0,438.0,391.9894413258487,81.70848355968018,20.81798752579484,20.844562364565945,-37.74875918471138,0.7262763966853782,81.19431205908066,20.69082669853292,20.7133926323251,0.5141715005995167
D10,7481,439.0,14400.0,716.8545648977409,192.2924903972484,24.28139852292829,26.82447735053188,-130.3391772770977,0.7766341398208796,195.02222899694056,24.25260276212219,27.205271270715897,-2.729738599692155
